Protocollo;Gruppo;DataOraIncidente;Localizzazione1;STRADA1;Localizzazione2;STRADA2;Strada02;Chilometrica;DaSpecificare;NaturaIncidente;particolaritastrade;TipoStrada;FondoStradale;Pavimentazione;Segnaletica;CondizioneAtmosferica;Traffico;Visibilita;Illuminazione;NUM_FERITI;NUM_RISERVATA;NUM_MORTI;NUM_ILLESI;Longitudine;Latitudine;Confermato;Progressivo;TipoVeicolo;StatoVeicolo;TipoPersona;Sesso;Tipolesione;Deceduto;DecedutoDopo;CinturaCascoUtilizzato;Airbag
3486379;4;01/10/2017 19:00;Strada Urbana;VIA ISIDORO DEL LUNGO;all'intersezione con;VIA UGO FLERES;VIA UGO FLERES;;;Scontro laterale fra veicoli in marcia;Intersezione non regolata/non segnalata;Una carreggiata a senso unico di marcia;Asciutto;Asfaltata;Assente;Nuvoloso;Normale;Sufficiente;Ore Diurne;0;0;0;4;12,55648;41,94392;-1;1;Autovettura privata;In marcia / fermata / arresto;Conducente;M;Illeso;0;;Non accertato;
3486379;4;01/10/2017 19:00;Strada Urbana;VIA ISIDORO DEL LUNGO;all'intersezione con;VIA UGO FLERES;VIA UGO FLERES;;;Scontro laterale fra veicoli in marcia;Intersezione non regolata/non segnalata;Una carreggiata a senso unico di marcia;Asciutto;Asfaltata;Assente;Nuvoloso;Normale;Sufficiente;Ore Diurne;0;0;0;4;12,55648;41,94392;-1;2;Autovettura privata;In marcia / fermata / arresto;Conducente;M;Illeso;0;;Non accertato;
3486379;4;01/10/2017 19:00;Strada Urbana;VIA ISIDORO DEL LUNGO;all'intersezione con;VIA UGO FLERES;VIA UGO FLERES;;;Scontro laterale fra veicoli in marcia;Intersezione non regolata/non segnalata;Una carreggiata a senso unico di marcia;Asciutto;Asfaltata;Assente;Nuvoloso;Normale;Sufficiente;Ore Diurne;0;0;0;4;12,55648;41,94392;-1;2;Autovettura privata;In marcia / fermata / arresto;Passeggero;F;Illeso;0;;Non accertato;
3486379;4;01/10/2017 19:00;Strada Urbana;VIA ISIDORO DEL LUNGO;all'intersezione con;VIA UGO FLERES;VIA UGO FLERES;;;Scontro laterale fra veicoli in marcia;Intersezione non regolata/non segnalata;Una carreggiata a senso unico di marcia;Asciutto;Asfaltata;Assente;Nuvoloso;Normale;Sufficiente;Ore Diurne;0;0;0;4;12,55648;41,94392;-1;2;Autovettura privata;In marcia / fermata / arresto;Passeggero;F;Illeso;0;;Non accertato;
3486384;4;01/10/2017 17:00;Strada Urbana;VIA CAPO SOTTILE;da specificare;;;;altezza palo ACEA n. 8;Scontro frontale/laterale SX fra veicoli in marcia;Rettilineo;Una carreggiata a doppio senso;Bagnato (pioggia);Asfaltata;Verticale;Nuvoloso;Normale;Buona;Ore Diurne;0;0;0;3;12,53729;41,95531;-1;1;Autovettura privata;In marcia / fermata / arresto;Conducente;F;Illeso;0;;;
3486384;4;01/10/2017 17:00;Strada Urbana;VIA CAPO SOTTILE;da specificare;;;;altezza palo ACEA n. 8;Scontro frontale/laterale SX fra veicoli in marcia;Rettilineo;Una carreggiata a doppio senso;Bagnato (pioggia);Asfaltata;Verticale;Nuvoloso;Normale;Buona;Ore Diurne;0;0;0;3;12,53729;41,95531;-1;1;Autovettura privata;In marcia / fermata / arresto;Passeggero;F;Illeso;0;;;
3486384;4;01/10/2017 17:00;Strada Urbana;VIA CAPO SOTTILE;da specificare;;;;altezza palo ACEA n. 8;Scontro frontale/laterale SX fra veicoli in marcia;Rettilineo;Una carreggiata a doppio senso;Bagnato (pioggia);Asfaltata;Verticale;Nuvoloso;Normale;Buona;Ore Diurne;0;0;0;3;12,53729;41,95531;-1;2;Autovettura privata;In marcia / fermata / arresto;Conducente;M;Illeso;0;;;
3486392;6;02/10/2017 10:30;Strada Urbana;VIALE DELLA PRIMAVERA;da specificare;;;;altezza palo ACEA 75;Tamponamento;Rettilineo;Due carreggiate;Asciutto;Asfaltata;Verticale ed orizzontale;Sereno;Normale;Buona;Ore Diurne;1;0;0;1;12,56104;41,88595;-1;1;Autovettura privata;In marcia / fermata / arresto;Conducente;M;Rimandato;0;NON DECEDUTO;Non accertato;Inesploso
3486392;6;02/10/2017 10:30;Strada Urbana;VIALE DELLA PRIMAVERA;da specificare;;;;altezza palo ACEA 75;Tamponamento;Rettilineo;Due carreggiate;Asciutto;Asfaltata;Verticale ed orizzontale;Sereno;Normale;Buona;Ore Diurne;1;0;0;1;12,56104;41,88595;-1;2;Autocarro inferiore 35 q.;In marcia / fermata / arresto;Conducente;M;Illeso;0;;Non accertato;Inesploso
3486399;12;02/10/2017 13:40;Strada Urbana;VIALE DELL'ARTE;in prossimità;;del civico n.;91;;Tamponamento;Rettilineo;Una carreggiata a doppio senso;Asciutto;Asfaltata;Verticale ed orizzontale;Sereno;Normale;Buona;Ore Diurne;0;0;0;3;12,47246;41,82562;-1;1;Autovettura privata;In marcia / fermata / arresto;Conducente;M;Illeso;0;;Utilizzato;Inesploso
3486399;12;02/10/2017 13:40;Strada Urbana;VIALE DELL'ARTE;in prossimità;;del civico n.;91;;Tamponamento;Rettilineo;Una carreggiata a doppio senso;Asciutto;Asfaltata;Verticale ed orizzontale;Sereno;Normale;Buona;Ore Diurne;0;0;0;3;12,47246;41,82562;-1;1;Autovettura privata;In marcia / fermata / arresto;Passeggero;F;Illeso;0;;Utilizzato;Inesploso
3486399;12;02/10/2017 13:40;Strada Urbana;VIALE DELL'ARTE;in prossimità;;del civico n.;91;;Tamponamento;Rettilineo;Una carreggiata a doppio senso;Asciutto;Asfaltata;Verticale ed orizzontale;Sereno;Normale;Buona;Ore Diurne;0;0;0;3;12,47246;41,82562;-1;2;Autovettura privata;In marcia / fermata / arresto;Conducente;M;Illeso;0;;Utilizzato;Inesploso
3486415;7;02/10/2017 10:20;Strada Urbana;VIALE PALMIRO TOGLIATTI;in corrispondenza;;del civico n.;509;;Investimento di pedone;Rettilineo;Una carreggiata a senso unico di marcia;Asciutto;Asfaltata;Verticale ed orizzontale;Sereno;Normale;Sufficiente;Ore Diurne;1;0;0;0;12,56988;41,87465;-1;;;;Pedone;F;Ricoverato;0;NON DECEDUTO;;
3486504;7;02/10/2017 12:55;Strada Urbana;VIA GIACOMO BRESADOLA;in prossimità;;del civico n.;80;;Investimento di pedone;Rettilineo;Una carreggiata a doppio senso;Asciutto;Asfaltata;Verticale ed orizzontale;Sereno;Normale;Buona;Ore Diurne;1;0;0;1;12,56161;41,89194;-1;;;;Pedone;F;Rimandato;0;NON DECEDUTO;;
3486504;7;02/10/2017 12:55;Strada Urbana;VIA GIACOMO BRESADOLA;in prossimità;;del civico n.;80;;Investimento di pedone;Rettilineo;Una carreggiata a doppio senso;Asciutto;Asfaltata;Verticale ed orizzontale;Sereno;Normale;Buona;Ore Diurne;1;0;0;1;12,56161;41,89194;-1;1;Autovettura privata;In marcia / fermata / arresto;Conducente;M;Illeso;0;;Non accertato;Inesploso
3486536;4;02/10/2017 03:00;Strada Urbana;VIA SALVIATI;da specificare;;;;fronte campo nomadi;Scontro frontale/laterale DX fra veicoli in marcia;Rettilineo;Una carreggiata a doppio senso;Asciutto;Asfaltata;Assente;Sereno;Scarso;Buona;Sufficiente;0;0;0;3;12,58236;41,90621;-1;1;Autovettura di polizia;In marcia / fermata / arresto;Conducente;M;Illeso;0;;;
3486536;4;02/10/2017 03:00;Strada Urbana;VIA SALVIATI;da specificare;;;;fronte campo nomadi;Scontro frontale/laterale DX fra veicoli in marcia;Rettilineo;Una carreggiata a doppio senso;Asciutto;Asfaltata;Assente;Sereno;Scarso;Buona;Sufficiente;0;0;0;3;12,58236;41,90621;-1;1;Autovettura di polizia;In marcia / fermata / arresto;Passeggero;M;Illeso;0;;;
3486536;4;02/10/2017 03:00;Strada Urbana;VIA SALVIATI;da specificare;;;;fronte campo nomadi;Scontro frontale/laterale DX fra veicoli in marcia;Rettilineo;Una carreggiata a doppio senso;Asciutto;Asfaltata;Assente;Sereno;Scarso;Buona;Sufficiente;0;0;0;3;12,58236;41,90621;-1;2;Autovettura privata;In marcia / fermata / arresto;Conducente;M;Illeso;0;;;
3486561;2;02/10/2017 12:40;Strada Urbana;VIA DEL FORO ITALICO;da specificare;;;;altezza uscita Acqua Acetosa;Scontro laterale fra veicoli in marcia;Curva a visuale libera;Due carreggiate;Asciutto;Asfaltata;Verticale ed orizzontale;Sereno;Normale;Buona;Ore Diurne;1;0;0;1;12,49156;41,93952;-1;1;Autovettura privata;In marcia / fermata / arresto;Conducente;M;Illeso;0;;;
3486561;2;02/10/2017 12:40;Strada Urbana;VIA DEL FORO ITALICO;da specificare;;;;altezza uscita Acqua Acetosa;Scontro laterale fra veicoli in marcia;Curva a visuale libera;Due carreggiate;Asciutto;Asfaltata;Verticale ed orizzontale;Sereno;Normale;Buona;Ore Diurne;1;0;0;1;12,49156;41,93952;-1;2;Motociclo a solo;In marcia / fermata / arresto;Conducente;F;Rimandato;0;NON DECEDUTO;;
3486564;7;02/10/2017 13:20;Strada Urbana;VIA DELLA CISTERNOLA;in prossimità;;del civico n.;88;;Scontro frontale/laterale DX fra veicoli in marcia;Rettilineo;Una carreggiata a doppio senso;Asciutto;Asfaltata;Assente;Sereno;Normale;Buona;Ore Diurne;0;0;0;2;12,60807;41,88627;-1;1;Autovettura privata;In marcia / fermata / arresto;Conducente;M;Illeso;0;;Non accertato;Inesistente
3486564;7;02/10/2017 13:20;Strada Urbana;VIA DELLA CISTERNOLA;in prossimità;;del civico n.;88;;Scontro frontale/laterale DX fra veicoli in marcia;Rettilineo;Una carreggiata a doppio senso;Asciutto;Asfaltata;Assente;Sereno;Normale;Buona;Ore Diurne;0;0;0;2;12,60807;41,88627;-1;2;Autovettura privata;In marcia / fermata / arresto;Conducente;M;Illeso;0;;Non accertato;Inesploso
3486679;20;02/10/2017 16:35;Strada Urbana;PIAZZALE MARESCIALLO DIAZ;all'intersezione con;LUNGOTEVERE MARESCIALLO DIAZ;LUNGOTEVERE MARESCIALLO DIAZ;;;Tamponamento;Incrocio;Due carreggiate;Asciutto;Asfaltata;Verticale ed orizzontale;Sereno;Normale;Buona;Ore Diurne;0;0;0;2;12,46494;41,93603;-1;1;Autovettura privata;In marcia / fermata / arresto;Conducente;M;Illeso;0;;Non accertato;Inesploso
3486679;20;02/10/2017 16:35;Strada Urbana;PIAZZALE MARESCIALLO DIAZ;all'intersezione con;LUNGOTEVERE MARESCIALLO DIAZ;LUNGOTEVERE MARESCIALLO DIAZ;;;Tamponamento;Incrocio;Due carreggiate;Asciutto;Asfaltata;Verticale ed orizzontale;Sereno;Normale;Buona;Ore Diurne;0;0;0;2;12,46494;41,93603;-1;2;Autovettura privata;In marcia / fermata / arresto;Conducente;M;Illeso;0;;Non accertato;Inesploso
3486685;2;02/10/2017 15:40;Strada Urbana;VIALE DELLA MOSCHEA;all'intersezione con;VIA DELL'AGONISTICA;VIA DELL'AGONISTICA;;;Scontro laterale fra veicoli in marcia;Rotatoria;Due carreggiate;Asciutto;Asfaltata;Verticale ed orizzontale;Sereno;Scarso;Buona;Ore Diurne;1;0;0;1;12,49314;41,93385;-1;1;Motociclo a solo;In marcia / fermata / arresto;Conducente;M;Rimandato;0;NON DECEDUTO;;
3486685;2;02/10/2017 15:40;Strada Urbana;VIALE DELLA MOSCHEA;all'intersezione con;VIA DELL'AGONISTICA;VIA DELL'AGONISTICA;;;Scontro laterale fra veicoli in marcia;Rotatoria;Due carreggiate;Asciutto;Asfaltata;Verticale ed orizzontale;Sereno;Scarso;Buona;Ore Diurne;1;0;0;1;12,49314;41,93385;-1;2;Autovettura privata;In marcia / fermata / arresto;Conducente;M;Illeso;0;;;
3486715;16;01/10/2017 00:10;;VIALE DEI QUATTRO VENTI;all'intersezione con;VIA ORESTE REGNOLI;VIA ORESTE REGNOLI;;;Scontro frontale/laterale DX fra veicoli in marcia;;;;;;;;;;0;0;0;3;;;0;1;Motociclo con passeggero;In marcia / fermata / arresto;Conducente;M;Illeso;0;;;
3486715;16;01/10/2017 00:10;;VIALE DEI QUATTRO VENTI;all'intersezione con;VIA ORESTE REGNOLI;VIA ORESTE REGNOLI;;;Scontro frontale/laterale DX fra veicoli in marcia;;;;;;;;;;0;0;0;3;;;0;1;Motociclo con passeggero;In marcia / fermata / arresto;Passeggero;M;Illeso;0;;;
3486715;16;01/10/2017 00:10;;VIALE DEI QUATTRO VENTI;all'intersezione con;VIA ORESTE REGNOLI;VIA ORESTE REGNOLI;;;Scontro frontale/laterale DX fra veicoli in marcia;;;;;;;;;;0;0;0;3;;;0;2;Autovettura privata;In marcia / fermata / arresto;Conducente;M;Illeso;0;;;
3486721;10;02/10/2017 16:00;Strada Urbana;VIA FRANCESCO GENTILE;in corrispondenza;;del civico n.;137;;Scontro frontale/laterale SX fra veicoli in marcia;Rettilineo;Una carreggiata a senso unico di marcia;Bagnato (pioggia);Asfaltata;Assente;Sereno;Scarso;Buona;Ore Diurne;0;0;0;2;12,58878;41,85489;-1;1;Autovettura privata;In marcia / fermata / arresto;Conducente;M;Illeso;0;;Non accertato;Inesploso
3486721;10;02/10/2017 16:00;Strada Urbana;VIA FRANCESCO GENTILE;in corrispondenza;;del civico n.;137;;Scontro frontale/laterale SX fra veicoli in marcia;Rettilineo;Una carreggiata a senso unico di marcia;Bagnato (pioggia);Asfaltata;Assente;Sereno;Scarso;Buona;Ore Diurne;0;0;0;2;12,58878;41,85489;-1;2;Autovettura privata;In marcia / fermata / arresto;Conducente;M;Illeso;0;;Non accertato;Inesploso
3486743;12;02/10/2017 15:50;Strada Urbana;LARGO ACHILLE ALBACINI;in prossimità;;del civico n.;10;;Veicolo in marcia contro veicolo in sosta;Rettilineo;Una carreggiata a doppio senso;Asciutto;Asfaltata;Verticale ed orizzontale;Sereno;Scarso;Buona;Ore Diurne;0;0;0;1;12,42976;41,79568;-1;2;Autovettura privata;In marcia / fermata / arresto;Conducente;F;Illeso;0;;Utilizzato;Inesploso
3486756;16;01/10/2017 13:45;Strada Urbana;VIALE DEI COLLI PORTUENSI;da specificare;;;;fronte civico 102;Infortunio per sola frenata improvvisa;Rettilineo;Due carreggiate;Asciutto;Asfaltata;Orizzontale;Nuvoloso;Scarso;Buona;Ore Diurne;2;0;0;1;12,44404;41,86675;-1;1;Autovettura privata;In marcia / fermata / arresto;Conducente;F;Illeso;0;;Non accertato;Inesploso
3486756;16;01/10/2017 13:45;Strada Urbana;VIALE DEI COLLI PORTUENSI;da specificare;;;;fronte civico 102;Infortunio per sola frenata improvvisa;Rettilineo;Due carreggiate;Asciutto;Asfaltata;Orizzontale;Nuvoloso;Scarso;Buona;Ore Diurne;2;0;0;1;12,44404;41,86675;-1;2;Motociclo con passeggero;In marcia / fermata / arresto;Conducente;M;Rimandato;0;NON DECEDUTO;Non accertato;
3486756;16;01/10/2017 13:45;Strada Urbana;VIALE DEI COLLI PORTUENSI;da specificare;;;;fronte civico 102;Infortunio per sola frenata improvvisa;Rettilineo;Due carreggiate;Asciutto;Asfaltata;Orizzontale;Nuvoloso;Scarso;Buona;Ore Diurne;2;0;0;1;12,44404;41,86675;-1;2;Motociclo con passeggero;In marcia / fermata / arresto;Passeggero;M;Rimandato;0;NON DECEDUTO;Non accertato;
3486778;16;01/10/2017 23:30;;VIA DEL FONTANILE DI MEZZALUNA;in prossimità;;del civico n.;401;;Scontro laterale fra veicoli in marcia;;;;;;;;;;0;0;0;1;;;0;1;Autovettura privata;In marcia / fermata / arresto;Conducente;M;Illeso;0;;;
3486811;12;01/10/2017 19:15;Strada Urbana;VIA FOSCO GIACHETTI;all'intersezione con;VIA CAMILLO MASTROCINQUE;VIA CAMILLO MASTROCINQUE;;;Scontro frontale/laterale SX fra veicoli in marcia;Incrocio;Una carreggiata a doppio senso;Asciutto;Asfaltata;Assente;Sereno;Scarso;Sufficiente;Sufficiente;0;0;0;4;12,43519;41,77858;-1;1;Autovettura privata;In marcia / fermata / arresto;Conducente;M;Illeso;0;;Utilizzato;Inesploso
3486811;12;01/10/2017 19:15;Strada Urbana;VIA FOSCO GIACHETTI;all'intersezione con;VIA CAMILLO MASTROCINQUE;VIA CAMILLO MASTROCINQUE;;;Scontro frontale/laterale SX fra veicoli in marcia;Incrocio;Una carreggiata a doppio senso;Asciutto;Asfaltata;Assente;Sereno;Scarso;Sufficiente;Sufficiente;0;0;0;4;12,43519;41,77858;-1;1;Autovettura privata;In marcia / fermata / arresto;Passeggero;F;Illeso;0;;Utilizzato;Inesploso
3486811;12;01/10/2017 19:15;Strada Urbana;VIA FOSCO GIACHETTI;all'intersezione con;VIA CAMILLO MASTROCINQUE;VIA CAMILLO MASTROCINQUE;;;Scontro frontale/laterale SX fra veicoli in marcia;Incrocio;Una carreggiata a doppio senso;Asciutto;Asfaltata;Assente;Sereno;Scarso;Sufficiente;Sufficiente;0;0;0;4;12,43519;41,77858;-1;2;Autovettura privata;In marcia / fermata / arresto;Conducente;M;Illeso;0;;Utilizzato;Inesploso
3486811;12;01/10/2017 19:15;Strada Urbana;VIA FOSCO GIACHETTI;all'intersezione con;VIA CAMILLO MASTROCINQUE;VIA CAMILLO MASTROCINQUE;;;Scontro frontale/laterale SX fra veicoli in marcia;Incrocio;Una carreggiata a doppio senso;Asciutto;Asfaltata;Assente;Sereno;Scarso;Sufficiente;Sufficiente;0;0;0;4;12,43519;41,77858;-1;2;Autovettura privata;In marcia / fermata / arresto;Passeggero;F;Illeso;0;;Utilizzato;Inesploso
3486824;7;02/10/2017 14:50;Strada Urbana;VIA DEI FAGGI;all'intersezione con;VIA DEGLI ELCI;VIA DEGLI ELCI;;;Scontro frontale/laterale DX fra veicoli in marcia;Incrocio;Una carreggiata a doppio senso;Asciutto;Asfaltata;Verticale ed orizzontale;Sereno;Normale;Buona;Ore Diurne;0;0;0;2;12,56951;41,884;-1;1;Autovettura privata;In marcia / fermata / arresto;Conducente;M;Illeso;0;;Non accertato;Inesploso
3486824;7;02/10/2017 14:50;Strada Urbana;VIA DEI FAGGI;all'intersezione con;VIA DEGLI ELCI;VIA DEGLI ELCI;;;Scontro frontale/laterale DX fra veicoli in marcia;Incrocio;Una carreggiata a doppio senso;Asciutto;Asfaltata;Verticale ed orizzontale;Sereno;Normale;Buona;Ore Diurne;0;0;0;2;12,56951;41,884;-1;2;Autovettura privata;In marcia / fermata / arresto;Conducente;M;Illeso;0;;Non accertato;Inesploso
3486825;20;02/10/2017 17:00;Strada Urbana;VIALE GEMONA DEL FRIULI;in corrispondenza;;del palo luce n.;9;;Veicolo in marcia contro ostacolo fisso;Curva a visuale libera;Due carreggiate;Bagnato (pioggia);Asfaltata;Orizzontale;Nuvoloso;Scarso;Buona;Ore Diurne;0;0;0;1;12,48459;41,99401;-1;1;Autovettura privata;In marcia / fermata / arresto;Conducente;M;Illeso;0;;Non accertato;Esploso
3486875;2;02/10/2017 11:00;Strada Urbana;VIA BASENTO;all'intersezione con;VIA SIMETO;VIA SIMETO;;;Investimento di pedone;Intersezione stradale segnalata;Una carreggiata a senso unico di marcia;Asciutto;Asfaltata;Orizzontale;Sereno;Normale;Buona;Ore Diurne;0;1;0;1;12,49911;41,91648;-1;;;;Pedone;F;Prognosi riservata;0;NON DECEDUTO;;
3486875;2;02/10/2017 11:00;Strada Urbana;VIA BASENTO;all'intersezione con;VIA SIMETO;VIA SIMETO;;;Investimento di pedone;Intersezione stradale segnalata;Una carreggiata a senso unico di marcia;Asciutto;Asfaltata;Orizzontale;Sereno;Normale;Buona;Ore Diurne;0;1;0;1;12,49911;41,91648;-1;1;Autocarro inferiore 35 q.;In marcia / fermata / arresto;Conducente;M;Illeso;0;;;
3486901;19;02/10/2017 18:15;Strada Urbana;VIA TRIONFALE;all'intersezione con;VIALE MONFORTANI;VIALE MONFORTANI;;;Scontro laterale fra veicoli in marcia;Incrocio;Una carreggiata a senso unico di marcia;Asciutto;Asfaltata;Verticale ed orizzontale;Sereno;Intenso;Buona;Ore Diurne;1;0;0;2;12,42294;41,94086;-1;1;Autovettura privata;In marcia / fermata / arresto;Conducente;F;Illeso;0;;;
3486901;19;02/10/2017 18:15;Strada Urbana;VIA TRIONFALE;all'intersezione con;VIALE MONFORTANI;VIALE MONFORTANI;;;Scontro laterale fra veicoli in marcia;Incrocio;Una carreggiata a senso unico di marcia;Asciutto;Asfaltata;Verticale ed orizzontale;Sereno;Intenso;Buona;Ore Diurne;1;0;0;2;12,42294;41,94086;-1;1;Autovettura privata;In marcia / fermata / arresto;Passeggero;M;Illeso;0;;;
3486901;19;02/10/2017 18:15;Strada Urbana;VIA TRIONFALE;all'intersezione con;VIALE MONFORTANI;VIALE MONFORTANI;;;Scontro laterale fra veicoli in marcia;Incrocio;Una carreggiata a senso unico di marcia;Asciutto;Asfaltata;Verticale ed orizzontale;Sereno;Intenso;Buona;Ore Diurne;1;0;0;2;12,42294;41,94086;-1;2;Motociclo a solo;In marcia / fermata / arresto;Conducente;M;Rifiuta cure immediate;0;NON DECEDUTO;;
3486903;12;02/10/2017 18:35;Strada Urbana;LARGO MUSTAFA KEMAL ATATURK;da specificare;;;;prossimità via della Tecnica;Scontro frontale/laterale SX fra veicoli in marcia;Rettilineo;Una carreggiata a doppio senso;Asciutto;Asfaltata;Verticale ed orizzontale;Sereno;Normale;Buona;Sufficiente;0;0;0;2;12,46029;41,82927;-1;1;Quadriciclo leggero;In marcia / fermata / arresto;Conducente;M;Illeso;0;;Utilizzato;Inesploso
3486903;12;02/10/2017 18:35;Strada Urbana;LARGO MUSTAFA KEMAL ATATURK;da specificare;;;;prossimità via della Tecnica;Scontro frontale/laterale SX fra veicoli in marcia;Rettilineo;Una carreggiata a doppio senso;Asciutto;Asfaltata;Verticale ed orizzontale;Sereno;Normale;Buona;Sufficiente;0;0;0;2;12,46029;41,82927;-1;2;Autovettura privata;In marcia / fermata / arresto;Conducente;F;Illeso;0;;Utilizzato;Inesploso
3487208;15;02/10/2017 14:50;Strada Urbana;PIAZZA PIERO PURICELLI;in corrispondenza;;del civico n.;23;;Scontro laterale fra veicoli in marcia;Rettilineo;Una carreggiata a senso unico di marcia;Asciutto;Asfaltata;Verticale ed orizzontale;Sereno;Scarso;Buona;Ore Diurne;0;0;0;2;12,45667;41,85957;-1;1;Autovettura privata;In marcia / fermata / arresto;Conducente;M;Illeso;0;;;
3487208;15;02/10/2017 14:50;Strada Urbana;PIAZZA PIERO PURICELLI;in corrispondenza;;del civico n.;23;;Scontro laterale fra veicoli in marcia;Rettilineo;Una carreggiata a senso unico di marcia;Asciutto;Asfaltata;Verticale ed orizzontale;Sereno;Scarso;Buona;Ore Diurne;0;0;0;2;12,45667;41,85957;-1;2;Autovettura privata;In marcia / fermata / arresto;Conducente;M;Illeso;0;;;
3487209;15;02/10/2017 15:00;Strada Urbana;VIA DELLA PISANA;all'intersezione con;VIA DI BRAVA;VIA DI BRAVA;;;Scontro frontale/laterale DX fra veicoli in marcia;Intersezione stradale segnalata;Una carreggiata a doppio senso;Asciutto;Asfaltata;Verticale ed orizzontale;Sereno;Intenso;Buona;Ore Diurne;0;0;0;2;12,38897;41,85768;-1;1;Autocarro inferiore 35 q.;In marcia / fermata / arresto;Conducente;M;Illeso;0;;;Inesploso
3487209;15;02/10/2017 15:00;Strada Urbana;VIA DELLA PISANA;all'intersezione con;VIA DI BRAVA;VIA DI BRAVA;;;Scontro frontale/laterale DX fra veicoli in marcia;Intersezione stradale segnalata;Una carreggiata a doppio senso;Asciutto;Asfaltata;Verticale ed orizzontale;Sereno;Intenso;Buona;Ore Diurne;0;0;0;2;12,38897;41,85768;-1;2;Autovettura privata;In marcia / fermata / arresto;Conducente;M;Illeso;0;;;Inesploso
3487224;13;02/10/2017 12:15;Strada Urbana;VIA ALBERTO FRANCHETTI;da specificare;;;;"di fronte vivaio ""Bindi""";Veicolo in marcia contro ostacolo accidentale;Rettilineo;Una carreggiata a doppio senso;Asciutto;Asfaltata;Verticale;Sereno;Normale;Buona;Ore Diurne;0;0;0;1;12,37475;41,7558;-1;1;Autovettura privata;In marcia / fermata / arresto;Conducente;M;Illeso;0;;;
3487225;13;02/10/2017 10:30;Strada Urbana;VIA DI MACCHIA SAPONARA;in corrispondenza;;del civico n.;64;;Investimento di pedone;Rettilineo;Una carreggiata a doppio senso;Asciutto;Asfaltata;Verticale ed orizzontale;Sereno;Normale;Buona;Ore Diurne;1;0;0;1;12,35228;41,77599;-1;;;;Pedone;F;Ricoverato;0;NON DECEDUTO;;
3487225;13;02/10/2017 10:30;Strada Urbana;VIA DI MACCHIA SAPONARA;in corrispondenza;;del civico n.;64;;Investimento di pedone;Rettilineo;Una carreggiata a doppio senso;Asciutto;Asfaltata;Verticale ed orizzontale;Sereno;Normale;Buona;Ore Diurne;1;0;0;1;12,35228;41,77599;-1;1;Autovettura privata;Allontanatosi;Conducente;M;Illeso;0;;Non accertato;Inesploso
3487226;11;02/10/2017 16:55;Strada Urbana;VIA DI TOR CARBONE;in corrispondenza;;del civico n.;41;;Scontro frontale/laterale SX fra veicoli in marcia;Rettilineo;Una carreggiata a doppio senso;Asciutto;Asfaltata;Verticale ed orizzontale;Sereno;Intenso;Sufficiente;Ore Diurne;1;0;0;1;12,5373;41,83302;-1;1;Motociclo a solo;In marcia / fermata / arresto;Conducente;M;Rimandato;0;NON DECEDUTO;Non accertato;
3487226;11;02/10/2017 16:55;Strada Urbana;VIA DI TOR CARBONE;in corrispondenza;;del civico n.;41;;Scontro frontale/laterale SX fra veicoli in marcia;Rettilineo;Una carreggiata a doppio senso;Asciutto;Asfaltata;Verticale ed orizzontale;Sereno;Intenso;Sufficiente;Ore Diurne;1;0;0;1;12,5373;41,83302;-1;2;Autovettura privata;In marcia / fermata / arresto;Conducente;M;Illeso;0;;;
3487230;11;02/10/2017 19:20;Strada Urbana;VIA CRISTOFORO COLOMBO;all'intersezione semaforizzata con;VIA OROPA;VIA OROPA;;;Scontro frontale fra veicoli in marcia;Intersezione semaforizzata;Più di due carreggiate;Asciutto;Asfaltata;Verticale ed orizzontale;Sereno;Normale;Buona;Sufficiente;0;0;0;2;12,48072;41,84761;-1;1;Autovettura privata;In marcia / fermata / arresto;Conducente;F;Illeso;0;;;
3487230;11;02/10/2017 19:20;Strada Urbana;VIA CRISTOFORO COLOMBO;all'intersezione semaforizzata con;VIA OROPA;VIA OROPA;;;Scontro frontale fra veicoli in marcia;Intersezione semaforizzata;Più di due carreggiate;Asciutto;Asfaltata;Verticale ed orizzontale;Sereno;Normale;Buona;Sufficiente;0;0;0;2;12,48072;41,84761;-1;2;Autovettura privata;In marcia / fermata / arresto;Conducente;M;Illeso;0;;;
3487244;9;02/10/2017 15:35;Strada Urbana;VIA GALLIA;da specificare;;;;FRONTE VIA LUNI;Scontro frontale/laterale SX fra veicoli in marcia;Rettilineo;Una carreggiata a doppio senso;Asciutto;Asfaltata;Verticale ed orizzontale;Sereno;Intenso;Buona;Ore Diurne;0;0;0;3;12,50635;41,88061;-1;1;Autovettura privata;In marcia / fermata / arresto;Conducente;M;Illeso;0;;Utilizzato;Inesploso
3487244;9;02/10/2017 15:35;Strada Urbana;VIA GALLIA;da specificare;;;;FRONTE VIA LUNI;Scontro frontale/laterale SX fra veicoli in marcia;Rettilineo;Una carreggiata a doppio senso;Asciutto;Asfaltata;Verticale ed orizzontale;Sereno;Intenso;Buona;Ore Diurne;0;0;0;3;12,50635;41,88061;-1;1;Autovettura privata;In marcia / fermata / arresto;Passeggero;F;Illeso;0;;Utilizzato;Inesploso