Protocollo;Gruppo;DataOraIncidente;Localizzazione1;STRADA1;Localizzazione2;STRADA2;Strada02;Chilometrica;DaSpecificare;NaturaIncidente;particolaritastrade;TipoStrada;FondoStradale;Pavimentazione;Segnaletica;CondizioneAtmosferica;Traffico;Visibilita;Illuminazione;NUM_FERITI;NUM_RISERVATA;NUM_MORTI;NUM_ILLESI;Longitudine;Latitudine;Confermato;Progressivo;TipoVeicolo;StatoVeicolo;TipoPersona;Sesso;Tipolesione;Deceduto;DecedutoDopo;CinturaCascoUtilizzato;Airbag
3502948;15;12/10/2017 08:00;Strada Urbana;VIA PORTUENSE;in corrispondenza;;del civico n.;1252;;Tamponamento;Rettilineo;Una carreggiata a doppio senso;Asciutto;Asfaltata;Orizzontale;Sereno;Normale;Buona;Ore Diurne;3;0;0;1;12,36051;41,82886;-1;1;Autovettura privata;In marcia / fermata / arresto;Passeggero;F;Illeso;0;;Non accertato;Inesploso
3502948;15;12/10/2017 08:00;Strada Urbana;VIA PORTUENSE;in corrispondenza;;del civico n.;1252;;Tamponamento;Rettilineo;Una carreggiata a doppio senso;Asciutto;Asfaltata;Orizzontale;Sereno;Normale;Buona;Ore Diurne;3;0;0;1;12,36051;41,82886;-1;2;Autovettura privata;In marcia / fermata / arresto;Conducente;F;Rimandato;0;NON DECEDUTO;Non accertato;Inesploso
3502948;15;12/10/2017 08:00;Strada Urbana;VIA PORTUENSE;in corrispondenza;;del civico n.;1252;;Tamponamento;Rettilineo;Una carreggiata a doppio senso;Asciutto;Asfaltata;Orizzontale;Sereno;Normale;Buona;Ore Diurne;3;0;0;1;12,36051;41,82886;-1;2;Autovettura privata;In marcia / fermata / arresto;Passeggero;F;Rimandato;0;NON DECEDUTO;Non accertato;Inesploso
3502960;15;12/10/2017 08:15;Strada Urbana;VIA ANTONIO PACINOTTI;da specificare;;;;prossimità Lungotevere Gassman;Scontro laterale fra veicoli in marcia;Rettilineo;Due carreggiate;Asciutto;Asfaltata;Verticale ed orizzontale;Sereno;Intenso;Buona;Ore Diurne;0;0;0;2;12,46809;41,87107;-1;1;Autovettura privata;In marcia / fermata / arresto;Conducente;F;Illeso;0;;Utilizzato;
3502960;15;12/10/2017 08:15;Strada Urbana;VIA ANTONIO PACINOTTI;da specificare;;;;prossimità Lungotevere Gassman;Scontro laterale fra veicoli in marcia;Rettilineo;Due carreggiate;Asciutto;Asfaltata;Verticale ed orizzontale;Sereno;Intenso;Buona;Ore Diurne;0;0;0;2;12,46809;41,87107;-1;2;Ciclomotore;In marcia / fermata / arresto;Conducente;F;Illeso;0;;Non accertato;
3502965;15;12/10/2017 09:30;Strada Urbana;VIA DELLA CASETTA MATTEI;da specificare;;;;fronte Via dei Carafa;Investimento di pedone;Rettilineo;Una carreggiata a doppio senso;Asciutto;Asfaltata;Orizzontale;Sereno;Normale;Buona;Ore Diurne;1;0;0;1;12,41959;41,85788;-1;;;;Pedone;M;Ricoverato;0;NON DECEDUTO;;
3502965;15;12/10/2017 09:30;Strada Urbana;VIA DELLA CASETTA MATTEI;da specificare;;;;fronte Via dei Carafa;Investimento di pedone;Rettilineo;Una carreggiata a doppio senso;Asciutto;Asfaltata;Orizzontale;Sereno;Normale;Buona;Ore Diurne;1;0;0;1;12,41959;41,85788;-1;1;Autovettura privata;In marcia / fermata / arresto;Conducente;M;Illeso;0;;Utilizzato;
3503042;13;12/10/2017 10:45;Strada Urbana;VIA DI ACILIA;in prossimità;;del civico n.;100;;Scontro frontale/laterale DX fra veicoli in marcia;Rettilineo;Una carreggiata a doppio senso;Asciutto;Asfaltata;Assente;Sereno;Normale;Buona;Ore Diurne;0;0;0;2;12,36657;41,78073;-1;1;Autovettura privata;In marcia / fermata / arresto;Conducente;F;Illeso;0;;Non accertato;Inesploso
3503042;13;12/10/2017 10:45;Strada Urbana;VIA DI ACILIA;in prossimità;;del civico n.;100;;Scontro frontale/laterale DX fra veicoli in marcia;Rettilineo;Una carreggiata a doppio senso;Asciutto;Asfaltata;Assente;Sereno;Normale;Buona;Ore Diurne;0;0;0;2;12,36657;41,78073;-1;2;Autovettura privata;In marcia / fermata / arresto;Conducente;M;Illeso;0;;Non accertato;Inesploso
3503046;18;12/10/2017 11:30;Statale entro l'abitato;VIA AURELIA;in prossimità;;del civico n.;2;;Scontro laterale fra veicoli in marcia;Rettilineo;Una carreggiata a doppio senso;Asciutto;Asfaltata;Verticale ed orizzontale;Sereno;Normale;Buona;Ore Diurne;0;0;0;2;12,39835;41,88471;-1;1;Autovettura privata;In marcia / fermata / arresto;Conducente;F;Illeso;0;;;
3503046;18;12/10/2017 11:30;Statale entro l'abitato;VIA AURELIA;in prossimità;;del civico n.;2;;Scontro laterale fra veicoli in marcia;Rettilineo;Una carreggiata a doppio senso;Asciutto;Asfaltata;Verticale ed orizzontale;Sereno;Normale;Buona;Ore Diurne;0;0;0;2;12,39835;41,88471;-1;2;Autovettura privata;In marcia / fermata / arresto;Conducente;M;Illeso;0;;;
3503059;11;12/10/2017 13:40;Strada Urbana;VIA ARDEATINA;da specificare;;;;Prossimità Vicolo Dell'Annunziatella;Tamponamento Multiplo;Curva senza visuale libera;Una carreggiata a doppio senso;Asciutto;Asfaltata;Orizzontale;Sereno;Normale;Buona;Ore Diurne;0;0;0;4;12,51595;41,84255;-1;1;Autovettura privata;In marcia / fermata / arresto;Conducente;F;Illeso;0;;Non accertato;Inesploso
3503059;11;12/10/2017 13:40;Strada Urbana;VIA ARDEATINA;da specificare;;;;Prossimità Vicolo Dell'Annunziatella;Tamponamento Multiplo;Curva senza visuale libera;Una carreggiata a doppio senso;Asciutto;Asfaltata;Orizzontale;Sereno;Normale;Buona;Ore Diurne;0;0;0;4;12,51595;41,84255;-1;2;Autovettura privata;In marcia / fermata / arresto;Conducente;M;Illeso;0;;Non accertato;Inesploso
3503059;11;12/10/2017 13:40;Strada Urbana;VIA ARDEATINA;da specificare;;;;Prossimità Vicolo Dell'Annunziatella;Tamponamento Multiplo;Curva senza visuale libera;Una carreggiata a doppio senso;Asciutto;Asfaltata;Orizzontale;Sereno;Normale;Buona;Ore Diurne;0;0;0;4;12,51595;41,84255;-1;3;Autovettura privata;In marcia / fermata / arresto;Conducente;M;Illeso;0;;Non accertato;Inesploso
3503059;11;12/10/2017 13:40;Strada Urbana;VIA ARDEATINA;da specificare;;;;Prossimità Vicolo Dell'Annunziatella;Tamponamento Multiplo;Curva senza visuale libera;Una carreggiata a doppio senso;Asciutto;Asfaltata;Orizzontale;Sereno;Normale;Buona;Ore Diurne;0;0;0;4;12,51595;41,84255;-1;4;Autovettura privata;In marcia / fermata / arresto;Conducente;M;Illeso;0;;Non accertato;Inesploso
3503180;10;12/10/2017 15:30;Strada Urbana;PIAZZA S. GIOVANNI BOSCO;in corrispondenza;;del civico n.;86;;Scontro laterale fra veicoli in marcia;Rettilineo;Una carreggiata a senso unico di marcia;Asciutto;Asfaltata;Assente;Sereno;Normale;Buona;Ore Diurne;0;0;0;3;12,56314;41,85945;-1;1;Autovettura privata;In marcia / fermata / arresto;Conducente;M;Illeso;0;;Non accertato;Inesploso
3503180;10;12/10/2017 15:30;Strada Urbana;PIAZZA S. GIOVANNI BOSCO;in corrispondenza;;del civico n.;86;;Scontro laterale fra veicoli in marcia;Rettilineo;Una carreggiata a senso unico di marcia;Asciutto;Asfaltata;Assente;Sereno;Normale;Buona;Ore Diurne;0;0;0;3;12,56314;41,85945;-1;1;Autovettura privata;In marcia / fermata / arresto;Passeggero;F;Illeso;0;;Non accertato;Inesploso
3503180;10;12/10/2017 15:30;Strada Urbana;PIAZZA S. GIOVANNI BOSCO;in corrispondenza;;del civico n.;86;;Scontro laterale fra veicoli in marcia;Rettilineo;Una carreggiata a senso unico di marcia;Asciutto;Asfaltata;Assente;Sereno;Normale;Buona;Ore Diurne;0;0;0;3;12,56314;41,85945;-1;2;Autovettura privata;In marcia / fermata / arresto;Conducente;M;Illeso;0;;Non accertato;Inesploso
3503292;19;12/10/2017 15:30;Strada Urbana;PIAZZALE DELLE MEDAGLIE D'ORO;all'intersezione con;VIALE DELLE MEDAGLIE D'ORO;VIALE DELLE MEDAGLIE D'ORO;;;Scontro frontale fra veicoli in marcia;Incrocio;Una carreggiata a doppio senso;Asciutto;Asfaltata;Verticale ed orizzontale;Sereno;Normale;Buona;Ore Diurne;0;0;0;2;12,44591;41,92358;-1;1;Autovettura privata;In marcia / fermata / arresto;Conducente;F;Illeso;0;;Non accertato;
3503292;19;12/10/2017 15:30;Strada Urbana;PIAZZALE DELLE MEDAGLIE D'ORO;all'intersezione con;VIALE DELLE MEDAGLIE D'ORO;VIALE DELLE MEDAGLIE D'ORO;;;Scontro frontale fra veicoli in marcia;Incrocio;Una carreggiata a doppio senso;Asciutto;Asfaltata;Verticale ed orizzontale;Sereno;Normale;Buona;Ore Diurne;0;0;0;2;12,44591;41,92358;-1;2;Ciclomotore;In marcia / fermata / arresto;Conducente;M;Illeso;0;;;
3503297;11;12/10/2017 15:40;Strada Urbana;VIA GABRIELLO CHIABRERA;in corrispondenza;;del civico n.;98;;Tamponamento;Rettilineo;Due carreggiate;Asciutto;Asfaltata;Verticale ed orizzontale;Sereno;Normale;Buona;Ore Diurne;0;0;0;2;12,47899;41,85397;-1;1;Autovettura privata;In marcia / fermata / arresto;Conducente;F;Illeso;0;;Non accertato;Inesploso
3503297;11;12/10/2017 15:40;Strada Urbana;VIA GABRIELLO CHIABRERA;in corrispondenza;;del civico n.;98;;Tamponamento;Rettilineo;Due carreggiate;Asciutto;Asfaltata;Verticale ed orizzontale;Sereno;Normale;Buona;Ore Diurne;0;0;0;2;12,47899;41,85397;-1;2;Autovettura privata;In marcia / fermata / arresto;Conducente;M;Illeso;0;;Non accertato;Inesploso
3503300;17;11/10/2017 12:10;Strada Urbana;VIALE GIULIO CESARE;all'intersezione con;VIA ALESSANDRO FARNESE;VIA ALESSANDRO FARNESE;;;Scontro frontale/laterale SX fra veicoli in marcia;Intersezione stradale segnalata;Più di due carreggiate;Asciutto;Asfaltata;Verticale;Sereno;Scarso;Buona;Ore Diurne;0;0;0;3;12,46735;41,91153;0;1;Autovettura privata;In marcia / fermata / arresto;Conducente;M;Illeso;0;;Non accertato;Inesploso
3503300;17;11/10/2017 12:10;Strada Urbana;VIALE GIULIO CESARE;all'intersezione con;VIA ALESSANDRO FARNESE;VIA ALESSANDRO FARNESE;;;Scontro frontale/laterale SX fra veicoli in marcia;Intersezione stradale segnalata;Più di due carreggiate;Asciutto;Asfaltata;Verticale;Sereno;Scarso;Buona;Ore Diurne;0;0;0;3;12,46735;41,91153;0;2;Motociclo con passeggero;In marcia / fermata / arresto;Conducente;M;Illeso;0;;;
3503300;17;11/10/2017 12:10;Strada Urbana;VIALE GIULIO CESARE;all'intersezione con;VIA ALESSANDRO FARNESE;VIA ALESSANDRO FARNESE;;;Scontro frontale/laterale SX fra veicoli in marcia;Intersezione stradale segnalata;Più di due carreggiate;Asciutto;Asfaltata;Verticale;Sereno;Scarso;Buona;Ore Diurne;0;0;0;3;12,46735;41,91153;0;2;Motociclo con passeggero;In marcia / fermata / arresto;Passeggero;F;Illeso;0;;;
3503355;18;12/10/2017 13:05;Strada Urbana;VIA GREGORIO VII;da specificare;;;;FRONTE CIVICO 125;Scontro laterale fra veicoli in marcia;Rettilineo;Più di due carreggiate;Asciutto;Asfaltata;Verticale ed orizzontale;Sereno;Normale;Buona;Ore Diurne;1;0;0;1;12,44068;41,89613;-1;1;Autovettura privata;In marcia / fermata / arresto;Conducente;F;Illeso;0;;;
3503355;18;12/10/2017 13:05;Strada Urbana;VIA GREGORIO VII;da specificare;;;;FRONTE CIVICO 125;Scontro laterale fra veicoli in marcia;Rettilineo;Più di due carreggiate;Asciutto;Asfaltata;Verticale ed orizzontale;Sereno;Normale;Buona;Ore Diurne;1;0;0;1;12,44068;41,89613;-1;2;Motociclo a solo;In marcia / fermata / arresto;Conducente;M;Rifiuta cure immediate;0;NON DECEDUTO;;
3503364;3;12/10/2017 09:10;Strada Urbana;VIALE DELLO SCALO S. LORENZO;in prossimità;;del civico n.;8;;Scontro laterale fra veicoli in marcia;Rettilineo;Una carreggiata a senso unico di marcia;Asciutto;Asfaltata;Verticale ed orizzontale;Sereno;Intenso;Buona;Ore Diurne;0;0;0;3;12,51619;41,89315;-1;1;Autovettura privata;In marcia / fermata / arresto;Conducente;M;Illeso;0;;Non accertato;Inesploso
3503364;3;12/10/2017 09:10;Strada Urbana;VIALE DELLO SCALO S. LORENZO;in prossimità;;del civico n.;8;;Scontro laterale fra veicoli in marcia;Rettilineo;Una carreggiata a senso unico di marcia;Asciutto;Asfaltata;Verticale ed orizzontale;Sereno;Intenso;Buona;Ore Diurne;0;0;0;3;12,51619;41,89315;-1;1;Autovettura privata;In marcia / fermata / arresto;Passeggero;F;Illeso;0;;Non accertato;Inesploso
3503364;3;12/10/2017 09:10;Strada Urbana;VIALE DELLO SCALO S. LORENZO;in prossimità;;del civico n.;8;;Scontro laterale fra veicoli in marcia;Rettilineo;Una carreggiata a senso unico di marcia;Asciutto;Asfaltata;Verticale ed orizzontale;Sereno;Intenso;Buona;Ore Diurne;0;0;0;3;12,51619;41,89315;-1;2;Autovettura privata;In marcia / fermata / arresto;Conducente;F;Illeso;0;;Non accertato;Inesploso
3503374;3;12/10/2017 11:10;Strada Urbana;PIAZZALE DELLE PROVINCIE;in corrispondenza;;del civico n.;13;;Scontro frontale/laterale DX fra veicoli in marcia;Rotatoria;Una carreggiata a senso unico di marcia;Asciutto;Asfaltata;Verticale ed orizzontale;Sereno;Intenso;Buona;Ore Diurne;0;0;0;2;12,52098;41,91236;-1;1;Autovettura privata;In marcia / fermata / arresto;Conducente;M;Illeso;0;;Non accertato;Inesploso
3503374;3;12/10/2017 11:10;Strada Urbana;PIAZZALE DELLE PROVINCIE;in corrispondenza;;del civico n.;13;;Scontro frontale/laterale DX fra veicoli in marcia;Rotatoria;Una carreggiata a senso unico di marcia;Asciutto;Asfaltata;Verticale ed orizzontale;Sereno;Intenso;Buona;Ore Diurne;0;0;0;2;12,52098;41,91236;-1;2;Autovettura privata;In marcia / fermata / arresto;Conducente;M;Illeso;0;;Non accertato;Inesploso
3503380;9;12/10/2017 17:30;Strada Urbana;VIA APPIA NUOVA;da specificare;;;;fronte Via Casalmonferrato;Veicolo in marcia contro ostacolo accidentale;Rettilineo;Due carreggiate;Asciutto;Asfaltata;Verticale ed orizzontale;Sereno;Normale;Buona;Sufficiente;0;0;0;1;12,55158;41,83661;-1;1;Autovettura privata;In marcia / fermata / arresto;Conducente;M;Illeso;0;;Non accertato;
3503452;17;11/10/2017 13:50;Strada Urbana;VIA ANGELO BROFFERIO;da specificare;;;;ALT. FRONTE VIA CARLO POMA;Investimento di pedone;Rettilineo;Una carreggiata a doppio senso;Asciutto;Asfaltata;Verticale ed orizzontale;Sereno;Scarso;Buona;Ore Diurne;1;0;0;1;12,46257;41,9141;-1;;;;Pedone;F;Rimandato;0;NON DECEDUTO;;
3503452;17;11/10/2017 13:50;Strada Urbana;VIA ANGELO BROFFERIO;da specificare;;;;ALT. FRONTE VIA CARLO POMA;Investimento di pedone;Rettilineo;Una carreggiata a doppio senso;Asciutto;Asfaltata;Verticale ed orizzontale;Sereno;Scarso;Buona;Ore Diurne;1;0;0;1;12,46257;41,9141;-1;1;Motociclo a solo;In marcia / fermata / arresto;Conducente;M;Illeso;0;;Non accertato;
3503461;12;12/10/2017 18:40;Strada Urbana;VIALE DEL PATTINAGGIO;in prossimità;;del civico n.;102;;Scontro laterale fra veicoli in marcia;Rettilineo;Una carreggiata a senso unico di marcia;Asciutto;Asfaltata;Verticale ed orizzontale;Sereno;Intenso;Buona;Ore Diurne;0;0;0;6;12,47149;41,84225;-1;1;Autovettura privata;In marcia / fermata / arresto;Conducente;M;Illeso;0;;Non accertato;Inesploso
3503461;12;12/10/2017 18:40;Strada Urbana;VIALE DEL PATTINAGGIO;in prossimità;;del civico n.;102;;Scontro laterale fra veicoli in marcia;Rettilineo;Una carreggiata a senso unico di marcia;Asciutto;Asfaltata;Verticale ed orizzontale;Sereno;Intenso;Buona;Ore Diurne;0;0;0;6;12,47149;41,84225;-1;1;Autovettura privata;In marcia / fermata / arresto;Passeggero;F;Illeso;0;;Utilizzato;Inesploso
3503461;12;12/10/2017 18:40;Strada Urbana;VIALE DEL PATTINAGGIO;in prossimità;;del civico n.;102;;Scontro laterale fra veicoli in marcia;Rettilineo;Una carreggiata a senso unico di marcia;Asciutto;Asfaltata;Verticale ed orizzontale;Sereno;Intenso;Buona;Ore Diurne;0;0;0;6;12,47149;41,84225;-1;1;Autovettura privata;In marcia / fermata / arresto;Passeggero;M;Illeso;0;;Non accertato;Inesploso
3503461;12;12/10/2017 18:40;Strada Urbana;VIALE DEL PATTINAGGIO;in prossimità;;del civico n.;102;;Scontro laterale fra veicoli in marcia;Rettilineo;Una carreggiata a senso unico di marcia;Asciutto;Asfaltata;Verticale ed orizzontale;Sereno;Intenso;Buona;Ore Diurne;0;0;0;6;12,47149;41,84225;-1;1;Autovettura privata;In marcia / fermata / arresto;Passeggero;M;Illeso;0;;Utilizzato;Inesploso
3503461;12;12/10/2017 18:40;Strada Urbana;VIALE DEL PATTINAGGIO;in prossimità;;del civico n.;102;;Scontro laterale fra veicoli in marcia;Rettilineo;Una carreggiata a senso unico di marcia;Asciutto;Asfaltata;Verticale ed orizzontale;Sereno;Intenso;Buona;Ore Diurne;0;0;0;6;12,47149;41,84225;-1;2;Autovettura privata;In marcia / fermata / arresto;Conducente;F;Illeso;0;;Utilizzato;Inesploso
3503461;12;12/10/2017 18:40;Strada Urbana;VIALE DEL PATTINAGGIO;in prossimità;;del civico n.;102;;Scontro laterale fra veicoli in marcia;Rettilineo;Una carreggiata a senso unico di marcia;Asciutto;Asfaltata;Verticale ed orizzontale;Sereno;Intenso;Buona;Ore Diurne;0;0;0;6;12,47149;41,84225;-1;2;Autovettura privata;In marcia / fermata / arresto;Passeggero;M;Illeso;0;;Utilizzato;Inesploso
3503802;9;13/10/2017 02:25;Strada Urbana;VIA DELLA STAZIONE DI CIAMPINO;in corrispondenza;;del civico n.;151/A;;Scontro frontale/laterale SX fra veicoli in marcia;Rettilineo;Una carreggiata a doppio senso;Asciutto;Asfaltata;Verticale ed orizzontale;Sereno;Scarso;Sufficiente;Sufficiente;4;0;0;0;12,61311;41,81033;-1;1;Autovettura privata;In marcia / fermata / arresto;Conducente;M;Rimandato;0;NON DECEDUTO;Non accertato;Inesploso
3503802;9;13/10/2017 02:25;Strada Urbana;VIA DELLA STAZIONE DI CIAMPINO;in corrispondenza;;del civico n.;151/A;;Scontro frontale/laterale SX fra veicoli in marcia;Rettilineo;Una carreggiata a doppio senso;Asciutto;Asfaltata;Verticale ed orizzontale;Sereno;Scarso;Sufficiente;Sufficiente;4;0;0;0;12,61311;41,81033;-1;1;Autovettura privata;In marcia / fermata / arresto;Passeggero;F;Rimandato;0;NON DECEDUTO;Non accertato;Inesploso
3503802;9;13/10/2017 02:25;Strada Urbana;VIA DELLA STAZIONE DI CIAMPINO;in corrispondenza;;del civico n.;151/A;;Scontro frontale/laterale SX fra veicoli in marcia;Rettilineo;Una carreggiata a doppio senso;Asciutto;Asfaltata;Verticale ed orizzontale;Sereno;Scarso;Sufficiente;Sufficiente;4;0;0;0;12,61311;41,81033;-1;2;Autovettura privata;In marcia / fermata / arresto;Conducente;M;Rimandato;0;NON DECEDUTO;Non accertato;Inesploso
3503802;9;13/10/2017 02:25;Strada Urbana;VIA DELLA STAZIONE DI CIAMPINO;in corrispondenza;;del civico n.;151/A;;Scontro frontale/laterale SX fra veicoli in marcia;Rettilineo;Una carreggiata a doppio senso;Asciutto;Asfaltata;Verticale ed orizzontale;Sereno;Scarso;Sufficiente;Sufficiente;4;0;0;0;12,61311;41,81033;-1;2;Autovettura privata;In marcia / fermata / arresto;Passeggero;M;Rimandato;0;NON DECEDUTO;Non accertato;Inesploso
3503807;11;12/10/2017 18:10;Strada Urbana;VIA ARDEATINA;da specificare;;;;altezza G.R.A.;Scontro frontale/laterale DX fra veicoli in marcia;Rettilineo;Una carreggiata a doppio senso;Asciutto;Asfaltata;Verticale ed orizzontale;Sereno;Intenso;Buona;Ore Diurne;0;0;0;3;12,53462;41,79749;-1;1;Autovettura privata;In marcia / fermata / arresto;Conducente;M;Illeso;0;;;
3503807;11;12/10/2017 18:10;Strada Urbana;VIA ARDEATINA;da specificare;;;;altezza G.R.A.;Scontro frontale/laterale DX fra veicoli in marcia;Rettilineo;Una carreggiata a doppio senso;Asciutto;Asfaltata;Verticale ed orizzontale;Sereno;Intenso;Buona;Ore Diurne;0;0;0;3;12,53462;41,79749;-1;2;Motociclo con passeggero;In marcia / fermata / arresto;Conducente;M;Illeso;0;;;
3503807;11;12/10/2017 18:10;Strada Urbana;VIA ARDEATINA;da specificare;;;;altezza G.R.A.;Scontro frontale/laterale DX fra veicoli in marcia;Rettilineo;Una carreggiata a doppio senso;Asciutto;Asfaltata;Verticale ed orizzontale;Sereno;Intenso;Buona;Ore Diurne;0;0;0;3;12,53462;41,79749;-1;2;Motociclo con passeggero;In marcia / fermata / arresto;Passeggero;F;Illeso;0;;;
3503808;5;12/10/2017 07:30;Strada Urbana;VIA BELMONTE IN SABINA;da specificare;;;;altezza svincolo G.R.A. direzione Firenze;Tamponamento;Rettilineo;Una carreggiata a senso unico di marcia;Asciutto;Asfaltata;Orizzontale;Sereno;Normale;Buona;Ore Diurne;0;0;0;2;12,59298;41,94658;-1;1;Autovettura privata;In marcia / fermata / arresto;Conducente;F;Illeso;0;;Non accertato;Inesploso
3503808;5;12/10/2017 07:30;Strada Urbana;VIA BELMONTE IN SABINA;da specificare;;;;altezza svincolo G.R.A. direzione Firenze;Tamponamento;Rettilineo;Una carreggiata a senso unico di marcia;Asciutto;Asfaltata;Orizzontale;Sereno;Normale;Buona;Ore Diurne;0;0;0;2;12,59298;41,94658;-1;2;Autovettura privata;In marcia / fermata / arresto;Conducente;F;Illeso;0;;Non accertato;Inesploso
3503809;13;12/10/2017 06:25;;VIA DEL FOSSO DI DRAGONCELLO;da specificare;;;;in prossimità di via di Saponara;Fuoriuscita dalla sede stradale;;;;;;;;;;0;0;0;1;;;0;1;Autocarro inferiore 35 q.;In marcia / fermata / arresto;Conducente;F;Illeso;0;;Non accertato;Inesploso
3503813;1;10/10/2017 20:20;Strada Urbana;LUNGOTEVERE DELLA FARNESINA;in prossimità;;del civico n.;6;;Scontro laterale fra veicoli in marcia;Rettilineo;Una carreggiata a senso unico di marcia;Asciutto;Asfaltata;Assente;Sereno;Intenso;Sufficiente;Sufficiente;0;0;0;3;12,46926;41,89255;-1;1;Autovettura pubblica;In marcia / fermata / arresto;Conducente;M;Illeso;0;;Non accertato;Inesploso
3503813;1;10/10/2017 20:20;Strada Urbana;LUNGOTEVERE DELLA FARNESINA;in prossimità;;del civico n.;6;;Scontro laterale fra veicoli in marcia;Rettilineo;Una carreggiata a senso unico di marcia;Asciutto;Asfaltata;Assente;Sereno;Intenso;Sufficiente;Sufficiente;0;0;0;3;12,46926;41,89255;-1;1;Autovettura pubblica;In marcia / fermata / arresto;Passeggero;M;Illeso;0;;Non accertato;
3503813;1;10/10/2017 20:20;Strada Urbana;LUNGOTEVERE DELLA FARNESINA;in prossimità;;del civico n.;6;;Scontro laterale fra veicoli in marcia;Rettilineo;Una carreggiata a senso unico di marcia;Asciutto;Asfaltata;Assente;Sereno;Intenso;Sufficiente;Sufficiente;0;0;0;3;12,46926;41,89255;-1;2;Motociclo a solo;In marcia / fermata / arresto;Conducente;M;Illeso;0;;Non accertato;
3503814;5;12/10/2017 10:00;Strada Urbana;VIA BALDASSARRE ORERO;all'intersezione con;VIA ASINARI DI S. MARZANO;VIA ASINARI DI S. MARZANO;;;Scontro frontale fra veicoli in marcia;Incrocio;Una carreggiata a doppio senso;Asciutto;Asfaltata;Assente;Sereno;Intenso;Buona;Ore Diurne;0;0;0;2;12,53778;41,89747;-1;1;Autovettura privata;In marcia / fermata / arresto;Conducente;F;Illeso;0;;Non accertato;Inesploso
3503814;5;12/10/2017 10:00;Strada Urbana;VIA BALDASSARRE ORERO;all'intersezione con;VIA ASINARI DI S. MARZANO;VIA ASINARI DI S. MARZANO;;;Scontro frontale fra veicoli in marcia;Incrocio;Una carreggiata a doppio senso;Asciutto;Asfaltata;Assente;Sereno;Intenso;Buona;Ore Diurne;0;0;0;2;12,53778;41,89747;-1;2;Motociclo con passeggero;Allontanatosi;Passeggero;M;Illeso;0;;Non accertato;
3503824;13;12/10/2017 11:50;Strada Urbana;VIA OSTIENSE;da specificare;;;;Parcheggio Stazione di Acilia lato V.Ostiense;Veicolo in marcia contro veicolo in sosta;Curva a visuale libera;Una carreggiata a senso unico di marcia;Asciutto;Asfaltata;Assente;Sereno;Scarso;Sufficiente;Ore Diurne;0;0;0;1;12,38314;41,79175;-1;1;Autogru;In marcia / fermata / arresto;Conducente;M;Illeso;0;;Non accertato;Inesploso
3503828;5;12/10/2017 10:30;Strada Urbana;VIA TIBURTINA;da specificare;;;;dir.GRA alt.svinc.immissione da via Tor Cervara;Scontro frontale/laterale DX fra veicoli in marcia;Rettilineo;Più di due carreggiate;Asciutto;Asfaltata;Verticale ed orizzontale;Sereno;Normale;Buona;Ore Diurne;0;0;0;2;12,5867;41,93255;-1;1;Autovettura privata;In marcia / fermata / arresto;Conducente;F;Illeso;0;;Non accertato;Inesploso
3503828;5;12/10/2017 10:30;Strada Urbana;VIA TIBURTINA;da specificare;;;;dir.GRA alt.svinc.immissione da via Tor Cervara;Scontro frontale/laterale DX fra veicoli in marcia;Rettilineo;Più di due carreggiate;Asciutto;Asfaltata;Verticale ed orizzontale;Sereno;Normale;Buona;Ore Diurne;0;0;0;2;12,5867;41,93255;-1;2;Autobus in extraurbana;In marcia / fermata / arresto;Conducente;M;Illeso;0;;Non accertato;Inesploso
3503833;8;12/10/2017 17:15;Strada Urbana;VIA CASILINA;da specificare;;;;altezza GRA;Scontro laterale fra veicoli in marcia;Curva a visuale libera;Due carreggiate;Asciutto;Asfaltata;Orizzontale;Sereno;Intenso;Buona;Ore Diurne;0;0;0;2;12,60141;41,86533;-1;1;Autovettura privata;In marcia / fermata / arresto;Conducente;F;Illeso;0;;Non accertato;Inesploso
3503833;8;12/10/2017 17:15;Strada Urbana;VIA CASILINA;da specificare;;;;altezza GRA;Scontro laterale fra veicoli in marcia;Curva a visuale libera;Due carreggiate;Asciutto;Asfaltata;Orizzontale;Sereno;Intenso;Buona;Ore Diurne;0;0;0;2;12,60141;41,86533;-1;2;Autovettura privata;In marcia / fermata / arresto;Conducente;F;Illeso;0;;Non accertato;Inesploso
3503834;15;13/10/2017 01:10;Strada Urbana;VIA PORTUENSE;in corrispondenza;;del civico n.;722;;Veicolo in marcia contro ostacolo accidentale;Curva a visuale libera;Una carreggiata a doppio senso;Viscido da liquidi oleosi;Asfaltata;Orizzontale;Sereno;Scarso;Sufficiente;Sufficiente;2;0;0;0;12,43177;41,85175;-1;1;Motociclo a solo;In marcia / fermata / arresto;Conducente;M;Rimandato;0;NON DECEDUTO;Utilizzato;