Protocollo;Gruppo;DataOraIncidente;Localizzazione1;STRADA1;Localizzazione2;STRADA2;Strada02;Chilometrica;DaSpecificare;NaturaIncidente;particolaritastrade;TipoStrada;FondoStradale;Pavimentazione;Segnaletica;CondizioneAtmosferica;Traffico;Visibilita;Illuminazione;NUM_FERITI;NUM_RISERVATA;NUM_MORTI;NUM_ILLESI;Longitudine;Latitudine;Confermato;Progressivo;TipoVeicolo;StatoVeicolo;TipoPersona;Sesso;Tipolesione;Deceduto;DecedutoDopo;CinturaCascoUtilizzato;Airbag
3518230;6;22/10/2017 03:20;Strada Urbana;PIAZZA DI PORTA MAGGIORE;all'intersezione semaforizzata con;VIA GIOVANNI GIOLITTI;VIA GIOVANNI GIOLITTI;;;Scontro laterale fra veicoli in marcia;Intersezione semaforizzata;Una carreggiata a senso unico di marcia;Asciutto;Asfaltata;Assente;Sereno;Scarso;Buona;Sufficiente;0;0;0;6;12,5145;41,89213;-1;2;Autovettura privata;In marcia / fermata / arresto;Passeggero;F;Illeso;0;;Non accertato;Inesploso
3518234;16;21/10/2017 12:25;Strada Urbana;VIA DELLA PISANA;all'intersezione con;VIA DEI CAPOGALLI;VIA DEI CAPOGALLI;;;Scontro frontale/laterale DX fra veicoli in marcia;Intersezione stradale segnalata;Due carreggiate;Asciutto;Asfaltata;Verticale;Sereno;Normale;Sufficiente;Ore Diurne;0;0;0;3;12,38897;41,85768;-1;1;Autovettura privata;In marcia / fermata / arresto;Conducente;M;Illeso;0;;Non accertato;
3518234;16;21/10/2017 12:25;Strada Urbana;VIA DELLA PISANA;all'intersezione con;VIA DEI CAPOGALLI;VIA DEI CAPOGALLI;;;Scontro frontale/laterale DX fra veicoli in marcia;Intersezione stradale segnalata;Due carreggiate;Asciutto;Asfaltata;Verticale;Sereno;Normale;Sufficiente;Ore Diurne;0;0;0;3;12,38897;41,85768;-1;1;Autovettura privata;In marcia / fermata / arresto;Passeggero;F;Illeso;0;;Non accertato;
3518234;16;21/10/2017 12:25;Strada Urbana;VIA DELLA PISANA;all'intersezione con;VIA DEI CAPOGALLI;VIA DEI CAPOGALLI;;;Scontro frontale/laterale DX fra veicoli in marcia;Intersezione stradale segnalata;Due carreggiate;Asciutto;Asfaltata;Verticale;Sereno;Normale;Sufficiente;Ore Diurne;0;0;0;3;12,38897;41,85768;-1;2;Autovettura privata;In marcia / fermata / arresto;Conducente;M;Illeso;0;;Non accertato;
3518241;16;21/10/2017 23:55;Strada Urbana;PIAZZALE EUGENIO MORELLI;da specificare;;;;FRONTE CIVICO 4;Scontro laterale fra veicoli in marcia;Rettilineo;Una carreggiata a senso unico di marcia;Asciutto;Asfaltata;Verticale ed orizzontale;Sereno;Scarso;Buona;Sufficiente;2;0;0;2;12,44349;41,86041;-1;1;Autovettura privata;In marcia / fermata / arresto;Conducente;M;Illeso;0;;Non accertato;
3518241;16;21/10/2017 23:55;Strada Urbana;PIAZZALE EUGENIO MORELLI;da specificare;;;;FRONTE CIVICO 4;Scontro laterale fra veicoli in marcia;Rettilineo;Una carreggiata a senso unico di marcia;Asciutto;Asfaltata;Verticale ed orizzontale;Sereno;Scarso;Buona;Sufficiente;2;0;0;2;12,44349;41,86041;-1;1;Autovettura privata;In marcia / fermata / arresto;Passeggero;M;Illeso;0;;Non accertato;
3518241;16;21/10/2017 23:55;Strada Urbana;PIAZZALE EUGENIO MORELLI;da specificare;;;;FRONTE CIVICO 4;Scontro laterale fra veicoli in marcia;Rettilineo;Una carreggiata a senso unico di marcia;Asciutto;Asfaltata;Verticale ed orizzontale;Sereno;Scarso;Buona;Sufficiente;2;0;0;2;12,44349;41,86041;-1;2;Motociclo a solo;In marcia / fermata / arresto;Conducente;M;Rimandato;0;NON DECEDUTO;Non accertato;
3518241;16;21/10/2017 23:55;Strada Urbana;PIAZZALE EUGENIO MORELLI;da specificare;;;;FRONTE CIVICO 4;Scontro laterale fra veicoli in marcia;Rettilineo;Una carreggiata a senso unico di marcia;Asciutto;Asfaltata;Verticale ed orizzontale;Sereno;Scarso;Buona;Sufficiente;2;0;0;2;12,44349;41,86041;-1;2;Motociclo a solo;In marcia / fermata / arresto;Passeggero;M;Rimandato;0;NON DECEDUTO;;
3518253;17;21/10/2017 20:25;Strada Urbana;VIALE DEI CAVALIERI DI VITTORIO VENETO;in corrispondenza;;del palo luce n.;11;;Veicolo in marcia contro ostacolo fisso;Curva senza visuale libera;Una carreggiata a senso unico di marcia;Asciutto;Asfaltata;Verticale ed orizzontale;Sereno;Normale;Buona;Sufficiente;0;0;0;2;12,44961;41,92009;0;1;Quadriciclo leggero;In marcia / fermata / arresto;Conducente;M;Illeso;0;;;
3518253;17;21/10/2017 20:25;Strada Urbana;VIALE DEI CAVALIERI DI VITTORIO VENETO;in corrispondenza;;del palo luce n.;11;;Veicolo in marcia contro ostacolo fisso;Curva senza visuale libera;Una carreggiata a senso unico di marcia;Asciutto;Asfaltata;Verticale ed orizzontale;Sereno;Normale;Buona;Sufficiente;0;0;0;2;12,44961;41,92009;0;1;Quadriciclo leggero;In marcia / fermata / arresto;Passeggero;F;Illeso;0;;;
3518256;16;22/10/2017 10:00;Strada Urbana;VIA DEGLI STRADIVARI;all'intersezione con;VIA GIOVANNI DA CASTEL BOLOGNESE;VIA GIOVANNI DA CASTEL BOLOGNESE;;;Scontro frontale/laterale DX fra veicoli in marcia;Incrocio;Due carreggiate;Asciutto;Asfaltata;Verticale ed orizzontale;Sereno;Normale;Buona;Ore Diurne;1;0;0;3;12,46858;41,87465;-1;1;Autovettura privata;In marcia / fermata / arresto;Conducente;M;Illeso;0;;Non accertato;
3518256;16;22/10/2017 10:00;Strada Urbana;VIA DEGLI STRADIVARI;all'intersezione con;VIA GIOVANNI DA CASTEL BOLOGNESE;VIA GIOVANNI DA CASTEL BOLOGNESE;;;Scontro frontale/laterale DX fra veicoli in marcia;Incrocio;Due carreggiate;Asciutto;Asfaltata;Verticale ed orizzontale;Sereno;Normale;Buona;Ore Diurne;1;0;0;3;12,46858;41,87465;-1;2;Motociclo a solo;In marcia / fermata / arresto;Conducente;F;Rimandato;0;NON DECEDUTO;Non accertato;
3518256;16;22/10/2017 10:00;Strada Urbana;VIA DEGLI STRADIVARI;all'intersezione con;VIA GIOVANNI DA CASTEL BOLOGNESE;VIA GIOVANNI DA CASTEL BOLOGNESE;;;Scontro frontale/laterale DX fra veicoli in marcia;Incrocio;Due carreggiate;Asciutto;Asfaltata;Verticale ed orizzontale;Sereno;Normale;Buona;Ore Diurne;1;0;0;3;12,46858;41,87465;-1;3;Autovettura privata;In marcia / fermata / arresto;Conducente;M;Illeso;0;;Non accertato;
3518256;16;22/10/2017 10:00;Strada Urbana;VIA DEGLI STRADIVARI;all'intersezione con;VIA GIOVANNI DA CASTEL BOLOGNESE;VIA GIOVANNI DA CASTEL BOLOGNESE;;;Scontro frontale/laterale DX fra veicoli in marcia;Incrocio;Due carreggiate;Asciutto;Asfaltata;Verticale ed orizzontale;Sereno;Normale;Buona;Ore Diurne;1;0;0;3;12,46858;41,87465;-1;3;Autovettura privata;In marcia / fermata / arresto;Passeggero;F;Illeso;0;;Non accertato;
3518284;18;22/10/2017 11:10;Strada Urbana;VIA ANASTASIO II;in prossimità;;del civico n.;74;;Infortunio per caduta del veicolo;Rettilineo;Due carreggiate;Viscido da liquidi oleosi;Asfaltata;Orizzontale;Pioggia in atto;Normale;Buona;Ore Diurne;1;0;0;0;12,44072;41,89699;-1;1;Motociclo a solo;In marcia / fermata / arresto;Conducente;M;Rifiuta cure immediate;0;NON DECEDUTO;;
3518304;18;22/10/2017 10:45;Strada Urbana;VIA ANASTASIO II;in prossimità;;del civico n.;74;;Infortunio per caduta del veicolo;Rettilineo;Due carreggiate;Viscido da liquidi oleosi;Asfaltata;Orizzontale;Pioggia in atto;Normale;Buona;Ore Diurne;1;0;0;0;12,44072;41,89699;-1;1;Motociclo a solo;In marcia / fermata / arresto;Conducente;M;Rifiuta cure immediate;0;NON DECEDUTO;;
3518317;18;22/10/2017 10:50;Strada Urbana;VIA ANASTASIO II;in prossimità;;del civico n.;74;;Veicolo in marcia contro ostacolo fisso;Rettilineo;Due carreggiate;Viscido da liquidi oleosi;Asfaltata;Orizzontale;Pioggia in atto;Normale;Buona;Ore Diurne;0;0;0;1;12,44072;41,89699;-1;1;Autovettura privata;In marcia / fermata / arresto;Conducente;M;Illeso;0;;;
3518329;18;22/10/2017 10:45;Strada Urbana;VIA ANASTASIO II;in prossimità;;del civico n.;110;;Infortunio per caduta del veicolo;Rettilineo;Due carreggiate;Viscido da liquidi oleosi;Asfaltata;Orizzontale;Pioggia in atto;Normale;Buona;Ore Diurne;1;0;0;0;12,44248;41,89731;-1;1;Motociclo a solo;In marcia / fermata / arresto;Conducente;M;Rifiuta cure immediate;0;NON DECEDUTO;;
3518351;18;22/10/2017 11:00;Strada Urbana;VIA ANASTASIO II;in prossimità;;del civico n.;148;;Scontro laterale fra veicoli in marcia;Rettilineo;Due carreggiate;Viscido da liquidi oleosi;Asfaltata;Verticale ed orizzontale;Pioggia in atto;Normale;Buona;Ore Diurne;0;0;0;3;12,44265;41,89747;-1;1;Autovettura privata;In marcia / fermata / arresto;Conducente;M;Illeso;0;;;
3518351;18;22/10/2017 11:00;Strada Urbana;VIA ANASTASIO II;in prossimità;;del civico n.;148;;Scontro laterale fra veicoli in marcia;Rettilineo;Due carreggiate;Viscido da liquidi oleosi;Asfaltata;Verticale ed orizzontale;Pioggia in atto;Normale;Buona;Ore Diurne;0;0;0;3;12,44265;41,89747;-1;2;Autovettura privata;In marcia / fermata / arresto;Conducente;F;Illeso;0;;Non accertato;Inesploso
3518351;18;22/10/2017 11:00;Strada Urbana;VIA ANASTASIO II;in prossimità;;del civico n.;148;;Scontro laterale fra veicoli in marcia;Rettilineo;Due carreggiate;Viscido da liquidi oleosi;Asfaltata;Verticale ed orizzontale;Pioggia in atto;Normale;Buona;Ore Diurne;0;0;0;3;12,44265;41,89747;-1;3;Autovettura privata;In marcia / fermata / arresto;Conducente;M;Illeso;0;;;
3518375;10;20/10/2017 09:30;Strada Urbana;VIA TUSCOLANA;in prossimità;;del civico n.;836;;Scontro laterale fra veicoli in marcia;Rettilineo;Due carreggiate;Asciutto;Asfaltata;Assente;Sereno;Normale;Buona;Ore Diurne;0;0;0;2;12,5491;41,86335;-1;1;Autovettura privata;In marcia / fermata / arresto;Conducente;M;Illeso;0;;Non accertato;Inesploso
3518375;10;20/10/2017 09:30;Strada Urbana;VIA TUSCOLANA;in prossimità;;del civico n.;836;;Scontro laterale fra veicoli in marcia;Rettilineo;Due carreggiate;Asciutto;Asfaltata;Assente;Sereno;Normale;Buona;Ore Diurne;0;0;0;2;12,5491;41,86335;-1;2;Autovettura privata;In marcia / fermata / arresto;Conducente;M;Illeso;0;;Non accertato;Inesploso
3518379;10;20/10/2017 11:10;Strada Urbana;VIALE ANTONIO CIAMARRA;in prossimità;;del civico n.;224;;Scontro laterale fra veicoli in marcia;Rettilineo;Due carreggiate;Asciutto;Asfaltata;Verticale ed orizzontale;Sereno;Normale;Buona;Ore Diurne;0;0;0;2;12,59032;41,85387;-1;1;Autocarro inferiore 35 q.;In marcia / fermata / arresto;Conducente;M;Illeso;0;;Non accertato;Inesploso
3518379;10;20/10/2017 11:10;Strada Urbana;VIALE ANTONIO CIAMARRA;in prossimità;;del civico n.;224;;Scontro laterale fra veicoli in marcia;Rettilineo;Due carreggiate;Asciutto;Asfaltata;Verticale ed orizzontale;Sereno;Normale;Buona;Ore Diurne;0;0;0;2;12,59032;41,85387;-1;2;Autovettura privata;In marcia / fermata / arresto;Conducente;M;Illeso;0;;Non accertato;Inesploso
3518393;18;22/10/2017 10:45;Strada Urbana;VIA ANASTASIO II;in prossimità;;del civico n.;148;;Veicolo in marcia contro ostacolo fisso;Rettilineo;Due carreggiate;Viscido da liquidi oleosi;Asfaltata;Orizzontale;Pioggia in atto;Normale;Buona;Ore Diurne;0;0;0;2;12,44248;41,89719;-1;1;Autovettura privata;In marcia / fermata / arresto;Conducente;M;Illeso;0;;;
3518393;18;22/10/2017 10:45;Strada Urbana;VIA ANASTASIO II;in prossimità;;del civico n.;148;;Veicolo in marcia contro ostacolo fisso;Rettilineo;Due carreggiate;Viscido da liquidi oleosi;Asfaltata;Orizzontale;Pioggia in atto;Normale;Buona;Ore Diurne;0;0;0;2;12,44248;41,89719;-1;1;Autovettura privata;In marcia / fermata / arresto;Passeggero;F;Illeso;0;;;
3518394;10;20/10/2017 20:00;Strada Urbana;VIA FRANCESCO ANTOLISEI;in prossimità;;del civico n.;10;;Scontro laterale fra veicoli in marcia;Rettilineo;Due carreggiate;Asciutto;Asfaltata;Assente;Sereno;Scarso;Buona;Sufficiente;0;0;0;2;12,60647;41,84753;-1;1;Autovettura privata;In marcia / fermata / arresto;Conducente;M;Illeso;0;;Non accertato;Inesploso
3518394;10;20/10/2017 20:00;Strada Urbana;VIA FRANCESCO ANTOLISEI;in prossimità;;del civico n.;10;;Scontro laterale fra veicoli in marcia;Rettilineo;Due carreggiate;Asciutto;Asfaltata;Assente;Sereno;Scarso;Buona;Sufficiente;0;0;0;2;12,60647;41,84753;-1;2;Autovettura privata;In marcia / fermata / arresto;Conducente;F;Illeso;0;;Non accertato;Inesploso
3518406;18;22/10/2017 10:55;Strada Urbana;VIA ANASTASIO II;in prossimità;;del civico n.;148;;Veicolo in marcia contro ostacolo fisso;Rettilineo;Due carreggiate;Viscido da liquidi oleosi;Asfaltata;Orizzontale;Pioggia in atto;Normale;Buona;Ore Diurne;0;0;0;1;12,44248;41,89719;-1;1;Autovettura privata;In marcia / fermata / arresto;Conducente;M;Illeso;0;;;
3518410;10;21/10/2017 16:00;Strada Urbana;PIAZZA DEI CONSOLI;in prossimità;;del civico n.;35;;Tamponamento;Rettilineo;Una carreggiata a senso unico di marcia;Asciutto;Asfaltata;Verticale ed orizzontale;Sereno;Normale;Sufficiente;Ore Diurne;1;0;0;1;12,55831;41,86144;-1;1;Autovettura privata;In marcia / fermata / arresto;Conducente;F;Illeso;0;;Non accertato;Inesploso
3518410;10;21/10/2017 16:00;Strada Urbana;PIAZZA DEI CONSOLI;in prossimità;;del civico n.;35;;Tamponamento;Rettilineo;Una carreggiata a senso unico di marcia;Asciutto;Asfaltata;Verticale ed orizzontale;Sereno;Normale;Sufficiente;Ore Diurne;1;0;0;1;12,55831;41,86144;-1;2;Autovettura privata;In marcia / fermata / arresto;Conducente;M;Rimandato;0;NON DECEDUTO;Non accertato;Inesploso
3518414;8;21/10/2017 17:30;Strada Urbana;VIA WALTER TOBAGI;all'intersezione con;VIA DELL'USIGNOLO;VIA DELL'USIGNOLO;;;Scontro laterale fra veicoli in marcia;Incrocio;Una carreggiata a doppio senso;Asciutto;Asfaltata;Verticale ed orizzontale;Sereno;Normale;Buona;Ore Diurne;0;0;0;4;12,59833;41,87308;-1;1;Autovettura privata;In marcia / fermata / arresto;Conducente;M;Illeso;0;;Non accertato;Inesploso
3518414;8;21/10/2017 17:30;Strada Urbana;VIA WALTER TOBAGI;all'intersezione con;VIA DELL'USIGNOLO;VIA DELL'USIGNOLO;;;Scontro laterale fra veicoli in marcia;Incrocio;Una carreggiata a doppio senso;Asciutto;Asfaltata;Verticale ed orizzontale;Sereno;Normale;Buona;Ore Diurne;0;0;0;4;12,59833;41,87308;-1;1;Autovettura privata;In marcia / fermata / arresto;Passeggero;M;Illeso;0;;Utilizzato;Inesploso
3518414;8;21/10/2017 17:30;Strada Urbana;VIA WALTER TOBAGI;all'intersezione con;VIA DELL'USIGNOLO;VIA DELL'USIGNOLO;;;Scontro laterale fra veicoli in marcia;Incrocio;Una carreggiata a doppio senso;Asciutto;Asfaltata;Verticale ed orizzontale;Sereno;Normale;Buona;Ore Diurne;0;0;0;4;12,59833;41,87308;-1;2;Autovettura privata;In marcia / fermata / arresto;Conducente;F;Illeso;0;;Utilizzato;Inesploso
3518414;8;21/10/2017 17:30;Strada Urbana;VIA WALTER TOBAGI;all'intersezione con;VIA DELL'USIGNOLO;VIA DELL'USIGNOLO;;;Scontro laterale fra veicoli in marcia;Incrocio;Una carreggiata a doppio senso;Asciutto;Asfaltata;Verticale ed orizzontale;Sereno;Normale;Buona;Ore Diurne;0;0;0;4;12,59833;41,87308;-1;2;Autovettura privata;In marcia / fermata / arresto;Passeggero;M;Illeso;0;;Utilizzato;Inesploso
3518415;8;21/10/2017 16:15;Strada Urbana;VIA CASILINA;da specificare;;;;A 100 MT DA VIA DELLE DUE TORRI;Tamponamento Multiplo;Rettilineo;Due carreggiate;Asciutto;Asfaltata;Verticale ed orizzontale;Sereno;Normale;Buona;Ore Diurne;1;0;0;2;12,6517;41,86361;-1;1;Autovettura privata;In marcia / fermata / arresto;Conducente;M;Illeso;0;;Utilizzato;Inesploso
3518415;8;21/10/2017 16:15;Strada Urbana;VIA CASILINA;da specificare;;;;A 100 MT DA VIA DELLE DUE TORRI;Tamponamento Multiplo;Rettilineo;Due carreggiate;Asciutto;Asfaltata;Verticale ed orizzontale;Sereno;Normale;Buona;Ore Diurne;1;0;0;2;12,6517;41,86361;-1;2;Autovettura di polizia;In marcia / fermata / arresto;Conducente;M;Ricoverato;0;NON DECEDUTO;Non accertato;
3518415;8;21/10/2017 16:15;Strada Urbana;VIA CASILINA;da specificare;;;;A 100 MT DA VIA DELLE DUE TORRI;Tamponamento Multiplo;Rettilineo;Due carreggiate;Asciutto;Asfaltata;Verticale ed orizzontale;Sereno;Normale;Buona;Ore Diurne;1;0;0;2;12,6517;41,86361;-1;3;Autovettura di polizia;In marcia / fermata / arresto;Conducente;M;Illeso;0;;Non accertato;Inesploso
3518419;8;22/10/2017 15:30;Strada Urbana;VIA AMICO ASPERTINI;in prossimità;;del palo luce n.;36;;Veicolo in marcia contro ostacolo fisso;Rettilineo;Una carreggiata a doppio senso;Bagnato (pioggia);Strada pavimentata dissestata;Verticale ed orizzontale;Nuvoloso;Normale;Buona;Ore Diurne;1;0;0;0;12,62994;41,87279;-1;1;Autovettura privata;In marcia / fermata / arresto;Conducente;M;Rimandato;0;NON DECEDUTO;Non accertato;Inesploso
3518513;15;22/10/2017 17:51;Strada Urbana;VIA FRANCESCO GRIMALDI;in corrispondenza;;del civico n.;32;;Investimento di pedone;Rettilineo;Due carreggiate;Asciutto;Asfaltata;Orizzontale;Nuvoloso;Normale;Sufficiente;Sufficiente;0;0;1;1;12,46812;41,86484;-1;;;;Pedone;M;Deceduto durante prime cure;-1;;;
3518513;15;22/10/2017 17:51;Strada Urbana;VIA FRANCESCO GRIMALDI;in corrispondenza;;del civico n.;32;;Investimento di pedone;Rettilineo;Due carreggiate;Asciutto;Asfaltata;Orizzontale;Nuvoloso;Normale;Sufficiente;Sufficiente;0;0;1;1;12,46812;41,86484;-1;1;Autovettura privata;In marcia / fermata / arresto;Conducente;M;Illeso;0;;Utilizzato;
3518767;7;21/10/2017 05:10;Strada Urbana;VIA CASILINA;all'intersezione con;VIA FRANCESCO BARACCA;VIA FRANCESCO BARACCA;;;Scontro frontale/laterale DX fra veicoli in marcia;Intersezione semaforizzata;Due carreggiate;Asciutto;Asfaltata;Verticale ed orizzontale;Sereno;Scarso;Sufficiente;Sufficiente;0;0;0;4;12,5432;41,87952;-1;1;Autovettura privata;In marcia / fermata / arresto;Conducente;M;Illeso;0;;;
3518767;7;21/10/2017 05:10;Strada Urbana;VIA CASILINA;all'intersezione con;VIA FRANCESCO BARACCA;VIA FRANCESCO BARACCA;;;Scontro frontale/laterale DX fra veicoli in marcia;Intersezione semaforizzata;Due carreggiate;Asciutto;Asfaltata;Verticale ed orizzontale;Sereno;Scarso;Sufficiente;Sufficiente;0;0;0;4;12,5432;41,87952;-1;2;Autovettura privata;In marcia / fermata / arresto;Conducente;M;Illeso;0;;;
3518767;7;21/10/2017 05:10;Strada Urbana;VIA CASILINA;all'intersezione con;VIA FRANCESCO BARACCA;VIA FRANCESCO BARACCA;;;Scontro frontale/laterale DX fra veicoli in marcia;Intersezione semaforizzata;Due carreggiate;Asciutto;Asfaltata;Verticale ed orizzontale;Sereno;Scarso;Sufficiente;Sufficiente;0;0;0;4;12,5432;41,87952;-1;2;Autovettura privata;In marcia / fermata / arresto;Passeggero;M;Illeso;0;;;
3518768;11;22/10/2017 08:10;Strada Urbana;VICOLO DELL'ANNUNZIATELLA;in corrispondenza;;del civico n.;83;;Veicolo in marcia contro ostacolo fisso;Rettilineo;Una carreggiata a senso unico di marcia;Asciutto;Asfaltata;Orizzontale;Nuvoloso;Scarso;Buona;Ore Diurne;0;0;0;2;12,51167;41,83659;-1;1;Autovettura privata;In marcia / fermata / arresto;Conducente;F;Illeso;0;;Non accertato;
3518768;11;22/10/2017 08:10;Strada Urbana;VICOLO DELL'ANNUNZIATELLA;in corrispondenza;;del civico n.;83;;Veicolo in marcia contro ostacolo fisso;Rettilineo;Una carreggiata a senso unico di marcia;Asciutto;Asfaltata;Orizzontale;Nuvoloso;Scarso;Buona;Ore Diurne;0;0;0;2;12,51167;41,83659;-1;1;Autovettura privata;In marcia / fermata / arresto;Passeggero;F;Illeso;0;;Non accertato;
3518770;11;21/10/2017 10:00;Strada Urbana;VIA LAURENTINA;in prossimità;;del civico n.;455;;Tamponamento Multiplo;Rettilineo;Due carreggiate;Asciutto;Asfaltata;Assente;Sereno;Normale;Buona;Ore Diurne;1;0;0;2;12,48134;41,83165;-1;1;Autovettura privata;In marcia / fermata / arresto;Conducente;M;Illeso;0;;Non accertato;
3518770;11;21/10/2017 10:00;Strada Urbana;VIA LAURENTINA;in prossimità;;del civico n.;455;;Tamponamento Multiplo;Rettilineo;Due carreggiate;Asciutto;Asfaltata;Assente;Sereno;Normale;Buona;Ore Diurne;1;0;0;2;12,48134;41,83165;-1;2;Autovettura privata;In marcia / fermata / arresto;Conducente;F;Illeso;0;;Non accertato;
3518770;11;21/10/2017 10:00;Strada Urbana;VIA LAURENTINA;in prossimità;;del civico n.;455;;Tamponamento Multiplo;Rettilineo;Due carreggiate;Asciutto;Asfaltata;Assente;Sereno;Normale;Buona;Ore Diurne;1;0;0;2;12,48134;41,83165;-1;3;Autovettura privata;In marcia / fermata / arresto;Conducente;F;Rifiuta cure immediate;0;NON DECEDUTO;Non accertato;
3518771;6;22/10/2017 20:15;Strada Urbana;VIA CASILINA;da specificare;;;;altezza Via del Mandrione;Scontro laterale fra veicoli in marcia;Rettilineo;Due carreggiate;Asciutto;Asfaltata;Assente;Sereno;Scarso;Buona;Sufficiente;1;0;0;2;12,53089;41,88429;-1;1;Autovettura privata;In marcia / fermata / arresto;Conducente;M;Illeso;0;;;
3518771;6;22/10/2017 20:15;Strada Urbana;VIA CASILINA;da specificare;;;;altezza Via del Mandrione;Scontro laterale fra veicoli in marcia;Rettilineo;Due carreggiate;Asciutto;Asfaltata;Assente;Sereno;Scarso;Buona;Sufficiente;1;0;0;2;12,53089;41,88429;-1;1;Autovettura privata;In marcia / fermata / arresto;Passeggero;M;Illeso;0;;;
3518771;6;22/10/2017 20:15;Strada Urbana;VIA CASILINA;da specificare;;;;altezza Via del Mandrione;Scontro laterale fra veicoli in marcia;Rettilineo;Due carreggiate;Asciutto;Asfaltata;Assente;Sereno;Scarso;Buona;Sufficiente;1;0;0;2;12,53089;41,88429;-1;2;Vettura tranviaria;In marcia / fermata / arresto;Conducente;M;Rifiuta cure immediate;0;NON DECEDUTO;Esente;
3518779;15;22/10/2017 15:50;Strada Urbana;VIA PORTUENSE;all'intersezione con;VIA GAETANO ASTOLFI;VIA GAETANO ASTOLFI;;;Scontro frontale/laterale DX fra veicoli in marcia;Intersezione semaforizzata;Una carreggiata a doppio senso;Asciutto;Asfaltata;Verticale ed orizzontale;Sereno;Scarso;Buona;Ore Diurne;1;0;0;2;12,35585;41,82718;-1;1;Autovettura privata;In marcia / fermata / arresto;Conducente;F;Illeso;0;;Utilizzato;
3518779;15;22/10/2017 15:50;Strada Urbana;VIA PORTUENSE;all'intersezione con;VIA GAETANO ASTOLFI;VIA GAETANO ASTOLFI;;;Scontro frontale/laterale DX fra veicoli in marcia;Intersezione semaforizzata;Una carreggiata a doppio senso;Asciutto;Asfaltata;Verticale ed orizzontale;Sereno;Scarso;Buona;Ore Diurne;1;0;0;2;12,35585;41,82718;-1;1;Autovettura privata;In marcia / fermata / arresto;Passeggero;M;Illeso;0;;Utilizzato;
3518779;15;22/10/2017 15:50;Strada Urbana;VIA PORTUENSE;all'intersezione con;VIA GAETANO ASTOLFI;VIA GAETANO ASTOLFI;;;Scontro frontale/laterale DX fra veicoli in marcia;Intersezione semaforizzata;Una carreggiata a doppio senso;Asciutto;Asfaltata;Verticale ed orizzontale;Sereno;Scarso;Buona;Ore Diurne;1;0;0;2;12,35585;41,82718;-1;2;Motociclo a solo;In marcia / fermata / arresto;Conducente;M;Rimandato;0;NON DECEDUTO;Utilizzato;
3518780;9;21/10/2017 11:00;Strada Urbana;VIA APPIA NUOVA;da specificare;;;;in prossimità VIA RAFFAELE DE CESARE;Scontro laterale fra veicoli in marcia;Rettilineo;Due carreggiate;Asciutto;Asfaltata;Verticale ed orizzontale;Sereno;Normale;Buona;Ore Diurne;0;0;0;3;12,52423;41,87351;-1;1;Autovettura privata;In marcia / fermata / arresto;Conducente;M;Illeso;0;;Non accertato;Inesploso
3518780;9;21/10/2017 11:00;Strada Urbana;VIA APPIA NUOVA;da specificare;;;;in prossimità VIA RAFFAELE DE CESARE;Scontro laterale fra veicoli in marcia;Rettilineo;Due carreggiate;Asciutto;Asfaltata;Verticale ed orizzontale;Sereno;Normale;Buona;Ore Diurne;0;0;0;3;12,52423;41,87351;-1;2;Motociclo con passeggero;In marcia / fermata / arresto;Conducente;M;Illeso;0;;Non accertato;
3518780;9;21/10/2017 11:00;Strada Urbana;VIA APPIA NUOVA;da specificare;;;;in prossimità VIA RAFFAELE DE CESARE;Scontro laterale fra veicoli in marcia;Rettilineo;Due carreggiate;Asciutto;Asfaltata;Verticale ed orizzontale;Sereno;Normale;Buona;Ore Diurne;0;0;0;3;12,52423;41,87351;-1;2;Motociclo con passeggero;In marcia / fermata / arresto;Passeggero;F;Illeso;0;;Non accertato;
3518782;9;21/10/2017 16:15;Strada Urbana;VIA TUSCOLANA;all'intersezione con;VIA ROCCA DI PAPA;VIA ROCCA DI PAPA;;;Scontro frontale/laterale SX fra veicoli in marcia;Intersezione non regolata/non segnalata;Una carreggiata a senso unico di marcia;Asciutto;Asfaltata;Verticale ed orizzontale;Sereno;Normale;Buona;Ore Diurne;1;0;0;3;12,53601;41,87023;-1;1;Autovettura privata;In marcia / fermata / arresto;Conducente;M;Illeso;0;;Non accertato;Inesploso
3518782;9;21/10/2017 16:15;Strada Urbana;VIA TUSCOLANA;all'intersezione con;VIA ROCCA DI PAPA;VIA ROCCA DI PAPA;;;Scontro frontale/laterale SX fra veicoli in marcia;Intersezione non regolata/non segnalata;Una carreggiata a senso unico di marcia;Asciutto;Asfaltata;Verticale ed orizzontale;Sereno;Normale;Buona;Ore Diurne;1;0;0;3;12,53601;41,87023;-1;1;Autovettura privata;In marcia / fermata / arresto;Passeggero;F;Illeso;0;;Non accertato;Inesploso
3518782;9;21/10/2017 16:15;Strada Urbana;VIA TUSCOLANA;all'intersezione con;VIA ROCCA DI PAPA;VIA ROCCA DI PAPA;;;Scontro frontale/laterale SX fra veicoli in marcia;Intersezione non regolata/non segnalata;Una carreggiata a senso unico di marcia;Asciutto;Asfaltata;Verticale ed orizzontale;Sereno;Normale;Buona;Ore Diurne;1;0;0;3;12,53601;41,87023;-1;1;Autovettura privata;In marcia / fermata / arresto;Passeggero;M;Illeso;0;;Non accertato;Inesploso