Protocollo;Gruppo;DataOraIncidente;Localizzazione1;STRADA1;Localizzazione2;STRADA2;Strada02;Chilometrica;DaSpecificare;NaturaIncidente;particolaritastrade;TipoStrada;FondoStradale;Pavimentazione;Segnaletica;CondizioneAtmosferica;Traffico;Visibilita;Illuminazione;NUM_FERITI;NUM_RISERVATA;NUM_MORTI;NUM_ILLESI;Longitudine;Latitudine;Confermato;Progressivo;TipoVeicolo;StatoVeicolo;TipoPersona;Sesso;Tipolesione;Deceduto;DecedutoDopo;CinturaCascoUtilizzato;Airbag
3521178;18;16/10/2017 01:30;Strada Urbana;VIA GAETANO MAZZONI;all'intersezione con;VIA GIOVANNI SENZATERRA;VIA GIOVANNI SENZATERRA;;;Scontro frontale/laterale DX fra veicoli in marcia;Intersezione stradale segnalata;Una carreggiata a senso unico di marcia;Asciutto;Asfaltata;Verticale ed orizzontale;Sereno;Scarso;Sufficiente;Sufficiente;2;0;0;1;12,39484;41,90828;-1;1;Autovettura privata;In marcia / fermata / arresto;Conducente;M;Illeso;0;;Non accertato;Inesploso
3521178;18;16/10/2017 01:30;Strada Urbana;VIA GAETANO MAZZONI;all'intersezione con;VIA GIOVANNI SENZATERRA;VIA GIOVANNI SENZATERRA;;;Scontro frontale/laterale DX fra veicoli in marcia;Intersezione stradale segnalata;Una carreggiata a senso unico di marcia;Asciutto;Asfaltata;Verticale ed orizzontale;Sereno;Scarso;Sufficiente;Sufficiente;2;0;0;1;12,39484;41,90828;-1;1;Autovettura privata;In marcia / fermata / arresto;Passeggero;F;Rimandato;0;NON DECEDUTO;;
3521178;18;16/10/2017 01:30;Strada Urbana;VIA GAETANO MAZZONI;all'intersezione con;VIA GIOVANNI SENZATERRA;VIA GIOVANNI SENZATERRA;;;Scontro frontale/laterale DX fra veicoli in marcia;Intersezione stradale segnalata;Una carreggiata a senso unico di marcia;Asciutto;Asfaltata;Verticale ed orizzontale;Sereno;Scarso;Sufficiente;Sufficiente;2;0;0;1;12,39484;41,90828;-1;2;Autovettura privata;In marcia / fermata / arresto;Conducente;F;Rifiuta cure immediate;0;NON DECEDUTO;Non accertato;Inesploso
3521280;12;22/10/2017 17:30;Autostrada;AUTOSTRADA ROMA AEROPORTO DI FIUMICINO;in prossimità;;della chilometrica;0.8;;Veicolo in marcia contro ostacolo accidentale;Rettilineo;Più di due carreggiate;Bagnato (umidità in atto);Asfaltata;Verticale ed orizzontale;Nuvoloso;Normale;Buona;Ore Diurne;0;1;0;0;12,44249;41,83202;0;1;Autovettura privata;In marcia / fermata / arresto;Conducente;F;Prognosi riservata;0;NON DECEDUTO;Non accertato;Esploso
3521315;8;24/10/2017 07:00;Provinciale entro l'abitato;VIA PRENESTINA;all'intersezione con;VIA PATERNOPOLI;VIA PATERNOPOLI;;;Veicolo in marcia contro veicolo in sosta;Incrocio;Una carreggiata a doppio senso;Asciutto;Asfaltata;Verticale ed orizzontale;Sereno;Normale;Sufficiente;Sufficiente;0;0;1;0;12,61059;41,89346;-1;2;Autovettura privata;In marcia / fermata / arresto;Conducente;M;Deceduto sul posto;-1;;Non accertato;Inesistente
3521422;11;24/10/2017 13:15;Strada Urbana;VIA ARDEATINA;in prossimità;;del palo luce n.;323;;Investimento di pedone;Rettilineo;Una carreggiata a senso unico di marcia;Asciutto;Asfaltata;Verticale ed orizzontale;Sereno;Normale;Buona;Ore Diurne;1;0;0;1;12,51908;41,82274;-1;;;;Pedone;F;Ricoverato;0;NON DECEDUTO;;
3521422;11;24/10/2017 13:15;Strada Urbana;VIA ARDEATINA;in prossimità;;del palo luce n.;323;;Investimento di pedone;Rettilineo;Una carreggiata a senso unico di marcia;Asciutto;Asfaltata;Verticale ed orizzontale;Sereno;Normale;Buona;Ore Diurne;1;0;0;1;12,51908;41,82274;-1;1;Autovettura privata;In marcia / fermata / arresto;Conducente;F;Illeso;0;;Non accertato;Inesploso
3521428;17;23/10/2017 11:15;Strada Urbana;VIALE GIUSEPPE MAZZINI;da specificare;;;;IN PROSSIMITA' DI VIA BAFILE;Veicolo in marcia contro veicolo in sosta;Rettilineo;Una carreggiata a senso unico di marcia;Asciutto;Asfaltata;Verticale ed orizzontale;Sereno;Normale;Buona;Ore Diurne;1;0;0;0;12,45657;41,91587;-1;1;Motociclo a solo;In marcia / fermata / arresto;Conducente;M;Rifiuta cure immediate;0;NON DECEDUTO;;
3521456;6;24/10/2017 12:00;Strada Urbana;VIA PRENESTINA;da specificare;;;;altezza Via G.B. Valente;Scontro laterale fra veicoli in marcia;Rettilineo;Due carreggiate;Asciutto;Asfaltata;Verticale ed orizzontale;Sereno;Normale;Buona;Ore Diurne;0;0;0;1;12,56675;41,89518;-1;2;Autovettura privata;In marcia / fermata / arresto;Conducente;F;Illeso;0;;Non accertato;Inesploso
3521543;16;23/10/2017 16:30;Strada Urbana;VIA AURELIA ANTICA;all'intersezione con;VIA DELLA NOCETTA;VIA DELLA NOCETTA;;;Scontro laterale fra veicoli in marcia;Intersezione stradale segnalata;Una carreggiata a doppio senso;Asciutto;Asfaltata;Verticale ed orizzontale;Sereno;Normale;Buona;Ore Diurne;0;0;0;2;12,4346;41,89016;-1;1;Autovettura privata;In marcia / fermata / arresto;Conducente;M;Illeso;0;;Non accertato;
3521543;16;23/10/2017 16:30;Strada Urbana;VIA AURELIA ANTICA;all'intersezione con;VIA DELLA NOCETTA;VIA DELLA NOCETTA;;;Scontro laterale fra veicoli in marcia;Intersezione stradale segnalata;Una carreggiata a doppio senso;Asciutto;Asfaltata;Verticale ed orizzontale;Sereno;Normale;Buona;Ore Diurne;0;0;0;2;12,4346;41,89016;-1;2;Motociclo a solo;In marcia / fermata / arresto;Conducente;M;Illeso;0;;Non accertato;
3521552;12;23/10/2017 10:00;Strada Urbana;VIA DEL MARE;da specificare;;;;km 13,700 dir. Roma;Veicolo in marcia contro ostacolo accidentale;Rettilineo;Una carreggiata a doppio senso;Asciutto;Asfaltata;Verticale ed orizzontale;Sereno;Normale;Buona;Ore Diurne;1;0;0;0;12,46495;41,84129;-1;1;Autovettura privata;In marcia / fermata / arresto;Conducente;M;Rimandato;0;NON DECEDUTO;Utilizzato;Inesploso
3521567;13;24/10/2017 14:10;Strada Urbana;VIALE CAPITAN CASELLA;all'intersezione semaforizzata con;VIALE DELLA STELLA POLARE;VIALE DELLA STELLA POLARE;;;Scontro frontale/laterale DX fra veicoli in marcia;Intersezione semaforizzata;Due carreggiate;Asciutto;Asfaltata;Verticale ed orizzontale;Sereno;Normale;Buona;Ore Diurne;0;0;0;3;12,29088;41,72921;-1;1;Autovettura privata;In marcia / fermata / arresto;Conducente;M;Illeso;0;;Non accertato;Inesploso
3521567;13;24/10/2017 14:10;Strada Urbana;VIALE CAPITAN CASELLA;all'intersezione semaforizzata con;VIALE DELLA STELLA POLARE;VIALE DELLA STELLA POLARE;;;Scontro frontale/laterale DX fra veicoli in marcia;Intersezione semaforizzata;Due carreggiate;Asciutto;Asfaltata;Verticale ed orizzontale;Sereno;Normale;Buona;Ore Diurne;0;0;0;3;12,29088;41,72921;-1;1;Autovettura privata;In marcia / fermata / arresto;Passeggero;F;Illeso;0;;Non accertato;Inesploso
3521567;13;24/10/2017 14:10;Strada Urbana;VIALE CAPITAN CASELLA;all'intersezione semaforizzata con;VIALE DELLA STELLA POLARE;VIALE DELLA STELLA POLARE;;;Scontro frontale/laterale DX fra veicoli in marcia;Intersezione semaforizzata;Due carreggiate;Asciutto;Asfaltata;Verticale ed orizzontale;Sereno;Normale;Buona;Ore Diurne;0;0;0;3;12,29088;41,72921;-1;2;Autovettura privata;In marcia / fermata / arresto;Conducente;M;Illeso;0;;Non accertato;Inesploso
3521577;17;23/10/2017 16:15;Strada Urbana;VIA CANDIA;in prossimità;;del civico n.;100;;Veicolo in marcia contro veicolo in sosta;Rettilineo;Una carreggiata a senso unico di marcia;Asciutto;Asfaltata;Verticale ed orizzontale;Sereno;Normale;Buona;Ore Diurne;0;0;0;1;12,45134;41,90777;-1;1;Autovettura privata;In marcia / fermata / arresto;Conducente;M;Illeso;0;;;
3521627;9;24/10/2017 06:45;Strada Urbana;PIAZZA LODI;in prossimità;;del civico n.;2;;Scontro laterale fra veicoli in marcia;Rotatoria;Una carreggiata a senso unico di marcia;Asciutto;Asfaltata;Verticale ed orizzontale;Sereno;Normale;Buona;Ore Diurne;0;0;0;2;12,52116;41,8871;-1;1;Autoarticolato;In marcia / fermata / arresto;Conducente;M;Illeso;0;;Non accertato;Inesploso
3521627;9;24/10/2017 06:45;Strada Urbana;PIAZZA LODI;in prossimità;;del civico n.;2;;Scontro laterale fra veicoli in marcia;Rotatoria;Una carreggiata a senso unico di marcia;Asciutto;Asfaltata;Verticale ed orizzontale;Sereno;Normale;Buona;Ore Diurne;0;0;0;2;12,52116;41,8871;-1;2;Autovettura privata;In marcia / fermata / arresto;Conducente;M;Illeso;0;;Non accertato;Inesploso
3521632;9;24/10/2017 10:50;Strada Urbana;VIA LA SPEZIA;all'intersezione con;VIA MONZA;VIA MONZA;;;Scontro laterale fra veicoli in marcia;Intersezione semaforizzata;Una carreggiata a doppio senso;Asciutto;Asfaltata;Verticale ed orizzontale;Sereno;Normale;Sufficiente;Ore Diurne;1;0;0;0;12,51543;41,88634;-1;1;Motociclo a solo;In marcia / fermata / arresto;Conducente;M;Rimandato;0;NON DECEDUTO;Non accertato;
3521639;9;24/10/2017 12:10;Strada Urbana;VIA EURIALO;in prossimità;;del civico n.;51;;Investimento di pedone;Rettilineo;Una carreggiata a senso unico di marcia;Asciutto;Asfaltata;Verticale ed orizzontale;Sereno;Normale;Sufficiente;Sufficiente;1;0;0;1;12,5273;41,87256;-1;;;;Pedone;F;Rimandato;0;NON DECEDUTO;;
3521639;9;24/10/2017 12:10;Strada Urbana;VIA EURIALO;in prossimità;;del civico n.;51;;Investimento di pedone;Rettilineo;Una carreggiata a senso unico di marcia;Asciutto;Asfaltata;Verticale ed orizzontale;Sereno;Normale;Sufficiente;Sufficiente;1;0;0;1;12,5273;41,87256;-1;1;Autovettura privata;In marcia / fermata / arresto;Conducente;M;Illeso;0;;Non accertato;Inesploso
3521648;1;24/10/2017 10:15;Strada Urbana;PIAZZALE OSTIENSE;da specificare;;;;IN PROSSIMITA' PORTA SAN PAOLO;Tamponamento;Curva a visuale libera;Una carreggiata a senso unico di marcia;Asciutto;Asfaltata;Verticale ed orizzontale;Sereno;Normale;Buona;Ore Diurne;1;0;0;1;12,48103;41,87617;-1;1;Autovettura privata;In marcia / fermata / arresto;Conducente;M;Illeso;0;;Non accertato;Inesploso
3521648;1;24/10/2017 10:15;Strada Urbana;PIAZZALE OSTIENSE;da specificare;;;;IN PROSSIMITA' PORTA SAN PAOLO;Tamponamento;Curva a visuale libera;Una carreggiata a senso unico di marcia;Asciutto;Asfaltata;Verticale ed orizzontale;Sereno;Normale;Buona;Ore Diurne;1;0;0;1;12,48103;41,87617;-1;2;Motociclo a solo;In marcia / fermata / arresto;Conducente;F;Rifiuta cure immediate;0;NON DECEDUTO;Non accertato;
3521657;12;24/10/2017 00:05;Strada Urbana;VIA DI TRIGORIA;in corrispondenza;;del civico n.;270;;Fuoriuscita dalla sede stradale;Curva a visuale libera;Una carreggiata a doppio senso;Asciutto;Asfaltata;Assente;Sereno;Normale;Buona;Sufficiente;0;0;0;1;12,45761;41,74659;-1;1;Autovettura privata;In marcia / fermata / arresto;Conducente;M;Illeso;0;;Non accertato;
3521684;1;24/10/2017 06:40;Strada Urbana;VIA DEL TEATRO DI MARCELLO;in prossimità;;del civico n.;5;;Veicolo in marcia contro ostacolo fisso;Rettilineo;Due carreggiate;Asciutto;In cubetti di porfido;Verticale ed orizzontale;Sereno;Intenso;Buona;Sufficiente;0;0;0;2;12,48056;41,89249;-1;1;Autovettura privata;In marcia / fermata / arresto;Conducente;F;Illeso;0;;Non accertato;
3521684;1;24/10/2017 06:40;Strada Urbana;VIA DEL TEATRO DI MARCELLO;in prossimità;;del civico n.;5;;Veicolo in marcia contro ostacolo fisso;Rettilineo;Due carreggiate;Asciutto;In cubetti di porfido;Verticale ed orizzontale;Sereno;Intenso;Buona;Sufficiente;0;0;0;2;12,48056;41,89249;-1;1;Autovettura privata;In marcia / fermata / arresto;Passeggero;F;Illeso;0;;Non accertato;
3521706;1;24/10/2017 08:45;Strada Urbana;VIA DRUSO;da specificare;;;;SENZA NUMERO CIVICO;Scontro laterale fra veicoli in marcia;Rettilineo;Una carreggiata a doppio senso;Asciutto;Asfaltata;Verticale ed orizzontale;Sereno;Intenso;Buona;Ore Diurne;0;0;0;4;12,49724;41,88123;-1;1;Autovettura privata;In marcia / fermata / arresto;Conducente;M;Illeso;0;;Non accertato;
3521706;1;24/10/2017 08:45;Strada Urbana;VIA DRUSO;da specificare;;;;SENZA NUMERO CIVICO;Scontro laterale fra veicoli in marcia;Rettilineo;Una carreggiata a doppio senso;Asciutto;Asfaltata;Verticale ed orizzontale;Sereno;Intenso;Buona;Ore Diurne;0;0;0;4;12,49724;41,88123;-1;1;Autovettura privata;In marcia / fermata / arresto;Passeggero;F;Illeso;0;;Non accertato;
3521706;1;24/10/2017 08:45;Strada Urbana;VIA DRUSO;da specificare;;;;SENZA NUMERO CIVICO;Scontro laterale fra veicoli in marcia;Rettilineo;Una carreggiata a doppio senso;Asciutto;Asfaltata;Verticale ed orizzontale;Sereno;Intenso;Buona;Ore Diurne;0;0;0;4;12,49724;41,88123;-1;1;Autovettura privata;In marcia / fermata / arresto;Passeggero;M;Illeso;0;;Non accertato;
3521706;1;24/10/2017 08:45;Strada Urbana;VIA DRUSO;da specificare;;;;SENZA NUMERO CIVICO;Scontro laterale fra veicoli in marcia;Rettilineo;Una carreggiata a doppio senso;Asciutto;Asfaltata;Verticale ed orizzontale;Sereno;Intenso;Buona;Ore Diurne;0;0;0;4;12,49724;41,88123;-1;2;Autovettura privata;In marcia / fermata / arresto;Conducente;M;Illeso;0;;Non accertato;
3521794;10;24/10/2017 15:45;Statale entro l'abitato;VIA APPIA NUOVA;in corrispondenza;;del civico n.;878;;Scontro laterale fra veicoli in marcia;Rettilineo;Una carreggiata a senso unico di marcia;Asciutto;Asfaltata;Orizzontale;Sereno;Normale;Buona;Ore Diurne;0;0;0;3;12,55142;41,84514;-1;1;Autovettura privata;In marcia / fermata / arresto;Conducente;M;Illeso;0;;Non accertato;Inesploso
3521794;10;24/10/2017 15:45;Statale entro l'abitato;VIA APPIA NUOVA;in corrispondenza;;del civico n.;878;;Scontro laterale fra veicoli in marcia;Rettilineo;Una carreggiata a senso unico di marcia;Asciutto;Asfaltata;Orizzontale;Sereno;Normale;Buona;Ore Diurne;0;0;0;3;12,55142;41,84514;-1;1;Autovettura privata;In marcia / fermata / arresto;Passeggero;F;Illeso;0;;Non accertato;Inesploso
3521794;10;24/10/2017 15:45;Statale entro l'abitato;VIA APPIA NUOVA;in corrispondenza;;del civico n.;878;;Scontro laterale fra veicoli in marcia;Rettilineo;Una carreggiata a senso unico di marcia;Asciutto;Asfaltata;Orizzontale;Sereno;Normale;Buona;Ore Diurne;0;0;0;3;12,55142;41,84514;-1;2;Autoarticolato;In marcia / fermata / arresto;Conducente;M;Illeso;0;;Esente;Inesistente
3521823;1;24/10/2017 11:20;Strada Urbana;LUNGOTEVERE RIPA;in corrispondenza;;del civico n.;5;;Tamponamento Multiplo;Rettilineo;Una carreggiata a senso unico di marcia;Asciutto;Asfaltata;Verticale ed orizzontale;Sereno;Normale;Buona;Ore Diurne;0;0;0;4;12,47873;41,88806;-1;1;Autovettura privata;In marcia / fermata / arresto;Conducente;M;Illeso;0;;Non accertato;
3521823;1;24/10/2017 11:20;Strada Urbana;LUNGOTEVERE RIPA;in corrispondenza;;del civico n.;5;;Tamponamento Multiplo;Rettilineo;Una carreggiata a senso unico di marcia;Asciutto;Asfaltata;Verticale ed orizzontale;Sereno;Normale;Buona;Ore Diurne;0;0;0;4;12,47873;41,88806;-1;2;Autovettura privata;In marcia / fermata / arresto;Conducente;M;Illeso;0;;Non accertato;
3521823;1;24/10/2017 11:20;Strada Urbana;LUNGOTEVERE RIPA;in corrispondenza;;del civico n.;5;;Tamponamento Multiplo;Rettilineo;Una carreggiata a senso unico di marcia;Asciutto;Asfaltata;Verticale ed orizzontale;Sereno;Normale;Buona;Ore Diurne;0;0;0;4;12,47873;41,88806;-1;3;Autovettura privata;In marcia / fermata / arresto;Conducente;F;Illeso;0;;Non accertato;
3521823;1;24/10/2017 11:20;Strada Urbana;LUNGOTEVERE RIPA;in corrispondenza;;del civico n.;5;;Tamponamento Multiplo;Rettilineo;Una carreggiata a senso unico di marcia;Asciutto;Asfaltata;Verticale ed orizzontale;Sereno;Normale;Buona;Ore Diurne;0;0;0;4;12,47873;41,88806;-1;3;Autovettura privata;In marcia / fermata / arresto;Passeggero;M;Illeso;0;;Non accertato;
3521840;19;24/10/2017 15:30;Strada Urbana;VIA S. GIUSEPPE DA COPERTINO;da specificare;;;;snc;Infortunio per caduta del veicolo;Rotatoria;Una carreggiata a senso unico di marcia;Asciutto;Asfaltata;Verticale ed orizzontale;Sereno;Normale;Buona;Ore Diurne;1;0;0;0;12,40412;41,96023;-1;1;Velocipede;In marcia / fermata / arresto;Conducente;M;Ricoverato;0;NON DECEDUTO;Esente;
3521898;2;24/10/2017 12:30;Strada Urbana;VIA ULISSE ALDROVANDI;in prossimità;;del civico n.;13;;Veicolo in marcia contro ostacolo fisso;Curva a visuale libera;Una carreggiata a doppio senso;Asciutto;Asfaltata;Verticale ed orizzontale;Sereno;Normale;Buona;Ore Diurne;1;0;0;0;12,48448;41,91836;-1;1;Autovettura privata;In marcia / fermata / arresto;Conducente;F;Rimandato;0;NON DECEDUTO;;
3521909;13;24/10/2017 17:10;Provinciale;VIA GUIDO CALZA;da specificare;;;;prossimità via di Tor Boacciana;Scontro laterale fra veicoli in marcia;Curva a visuale libera;Una carreggiata a senso unico di marcia;Asciutto;Asfaltata;Assente;Sereno;Normale;Buona;Ore Diurne;1;0;0;2;12,29506;41,75226;-1;1;Autovettura privata;In marcia / fermata / arresto;Conducente;M;Illeso;0;;Non accertato;Inesploso
3521909;13;24/10/2017 17:10;Provinciale;VIA GUIDO CALZA;da specificare;;;;prossimità via di Tor Boacciana;Scontro laterale fra veicoli in marcia;Curva a visuale libera;Una carreggiata a senso unico di marcia;Asciutto;Asfaltata;Assente;Sereno;Normale;Buona;Ore Diurne;1;0;0;2;12,29506;41,75226;-1;1;Autovettura privata;In marcia / fermata / arresto;Passeggero;F;Illeso;0;;Non accertato;Inesploso
3521909;13;24/10/2017 17:10;Provinciale;VIA GUIDO CALZA;da specificare;;;;prossimità via di Tor Boacciana;Scontro laterale fra veicoli in marcia;Curva a visuale libera;Una carreggiata a senso unico di marcia;Asciutto;Asfaltata;Assente;Sereno;Normale;Buona;Ore Diurne;1;0;0;2;12,29506;41,75226;-1;2;Motociclo a solo;In marcia / fermata / arresto;Conducente;M;Rimandato;0;NON DECEDUTO;Non accertato;
3521941;1;23/10/2017 17:00;Strada Urbana;LARGO BRANCACCIO;in prossimità;;del palo luce n.;14;;Scontro frontale/laterale DX fra veicoli in marcia;Rettilineo;Una carreggiata a doppio senso;Asciutto;Asfaltata;Verticale ed orizzontale;Sereno;Intenso;Sufficiente;Ore Diurne;1;0;0;1;12,49965;41,89503;-1;1;Autovettura pubblica;In marcia / fermata / arresto;Conducente;M;Illeso;0;;Non accertato;Inesploso
3521941;1;23/10/2017 17:00;Strada Urbana;LARGO BRANCACCIO;in prossimità;;del palo luce n.;14;;Scontro frontale/laterale DX fra veicoli in marcia;Rettilineo;Una carreggiata a doppio senso;Asciutto;Asfaltata;Verticale ed orizzontale;Sereno;Intenso;Sufficiente;Ore Diurne;1;0;0;1;12,49965;41,89503;-1;2;Motociclo a solo;In marcia / fermata / arresto;Conducente;M;Rimandato;0;NON DECEDUTO;Non accertato;
3521990;1;24/10/2017 08:35;Strada Urbana;VIA APPIA ANTICA;da specificare;;;;in corrispondenza SOTTOPASSO MARCO POLO;Scontro laterale fra veicoli in marcia;Rettilineo;Una carreggiata a doppio senso;Asciutto;In cubetti di porfido;Orizzontale;Sereno;Normale;Buona;Ore Diurne;1;0;0;1;12,54397;41,83136;-1;1;Motociclo a solo;In marcia / fermata / arresto;Conducente;M;Rifiuta cure immediate;0;NON DECEDUTO;Non accertato;
3521990;1;24/10/2017 08:35;Strada Urbana;VIA APPIA ANTICA;da specificare;;;;in corrispondenza SOTTOPASSO MARCO POLO;Scontro laterale fra veicoli in marcia;Rettilineo;Una carreggiata a doppio senso;Asciutto;In cubetti di porfido;Orizzontale;Sereno;Normale;Buona;Ore Diurne;1;0;0;1;12,54397;41,83136;-1;2;Motociclo a solo;In marcia / fermata / arresto;Conducente;M;Illeso;0;;;
3522009;10;24/10/2017 18:30;Strada Urbana;VIA LEMONIA;da specificare;;;;10 m dopo via V. publicola;Scontro laterale fra veicoli in marcia;Rettilineo;Una carreggiata a senso unico di marcia;Asciutto;Asfaltata;Orizzontale;Sereno;Scarso;Buona;Ore Diurne;0;0;0;2;12,55551;41,85493;-1;1;Autovettura privata;In marcia / fermata / arresto;Conducente;F;Illeso;0;;Non accertato;Inesploso
3522009;10;24/10/2017 18:30;Strada Urbana;VIA LEMONIA;da specificare;;;;10 m dopo via V. publicola;Scontro laterale fra veicoli in marcia;Rettilineo;Una carreggiata a senso unico di marcia;Asciutto;Asfaltata;Orizzontale;Sereno;Scarso;Buona;Ore Diurne;0;0;0;2;12,55551;41,85493;-1;2;Motociclo a solo;In marcia / fermata / arresto;Conducente;M;Illeso;0;;Non accertato;
3522022;6;24/10/2017 17:00;Strada Urbana;VIA DI ACQUA BULLICANTE;in prossimità;;del civico n.;379;;Scontro laterale fra veicoli in marcia;Rettilineo;Una carreggiata a doppio senso;Asciutto;Asfaltata;Verticale ed orizzontale;Sereno;Normale;Buona;Ore Diurne;1;0;0;1;12,54194;41,89055;-1;1;Autovettura privata;In marcia / fermata / arresto;Conducente;M;Illeso;0;;Non accertato;Inesploso
3522022;6;24/10/2017 17:00;Strada Urbana;VIA DI ACQUA BULLICANTE;in prossimità;;del civico n.;379;;Scontro laterale fra veicoli in marcia;Rettilineo;Una carreggiata a doppio senso;Asciutto;Asfaltata;Verticale ed orizzontale;Sereno;Normale;Buona;Ore Diurne;1;0;0;1;12,54194;41,89055;-1;2;Motociclo a solo;In marcia / fermata / arresto;Conducente;F;Rifiuta cure immediate;0;NON DECEDUTO;Non accertato;
3522045;12;20/10/2017 14:10;Provinciale entro l'abitato;VIA ARDEATINA;da specificare;;;;prox civ. 1998 dir. Pavona;Infortunio per caduta del veicolo;Curva a visuale libera;Una carreggiata a doppio senso;Asciutto;Asfaltata;Verticale ed orizzontale;Sereno;Scarso;Buona;Ore Diurne;1;0;0;0;12,53597;41,79323;-1;1;Motociclo a solo;In marcia / fermata / arresto;Conducente;M;Rimandato;0;NON DECEDUTO;Utilizzato;
3522049;12;21/10/2017 17:45;Strada Urbana;VIA DEL FOSSO DEL TELLINARO;all'intersezione con;VIA DEL PONTE DI PISCINA CUPA;VIA DEL PONTE DI PISCINA CUPA;;;Scontro frontale fra veicoli in marcia;Incrocio;Una carreggiata a doppio senso;Asciutto;Asfaltata;Verticale ed orizzontale;Sereno;Normale;Buona;Ore Diurne;2;0;0;2;12,44274;41,71396;-1;1;Autovettura privata;In marcia / fermata / arresto;Conducente;M;Illeso;0;;Utilizzato;Inesploso
3522049;12;21/10/2017 17:45;Strada Urbana;VIA DEL FOSSO DEL TELLINARO;all'intersezione con;VIA DEL PONTE DI PISCINA CUPA;VIA DEL PONTE DI PISCINA CUPA;;;Scontro frontale fra veicoli in marcia;Incrocio;Una carreggiata a doppio senso;Asciutto;Asfaltata;Verticale ed orizzontale;Sereno;Normale;Buona;Ore Diurne;2;0;0;2;12,44274;41,71396;-1;1;Autovettura privata;In marcia / fermata / arresto;Passeggero;M;Illeso;0;;Utilizzato;Inesploso
3522049;12;21/10/2017 17:45;Strada Urbana;VIA DEL FOSSO DEL TELLINARO;all'intersezione con;VIA DEL PONTE DI PISCINA CUPA;VIA DEL PONTE DI PISCINA CUPA;;;Scontro frontale fra veicoli in marcia;Incrocio;Una carreggiata a doppio senso;Asciutto;Asfaltata;Verticale ed orizzontale;Sereno;Normale;Buona;Ore Diurne;2;0;0;2;12,44274;41,71396;-1;2;Motociclo a solo;In marcia / fermata / arresto;Conducente;M;Rimandato;0;NON DECEDUTO;Utilizzato;
3522049;12;21/10/2017 17:45;Strada Urbana;VIA DEL FOSSO DEL TELLINARO;all'intersezione con;VIA DEL PONTE DI PISCINA CUPA;VIA DEL PONTE DI PISCINA CUPA;;;Scontro frontale fra veicoli in marcia;Incrocio;Una carreggiata a doppio senso;Asciutto;Asfaltata;Verticale ed orizzontale;Sereno;Normale;Buona;Ore Diurne;2;0;0;2;12,44274;41,71396;-1;2;Motociclo a solo;In marcia / fermata / arresto;Passeggero;M;Rimandato;0;NON DECEDUTO;Utilizzato;
3522052;13;24/10/2017 18:40;Strada Urbana;VIA AGOSTINO CHIGI;all'intersezione con;VIA LUIGI VIOLA;VIA LUIGI VIOLA;;;Tamponamento;Incrocio;Una carreggiata a doppio senso;Asciutto;Asfaltata;Orizzontale;Sereno;Normale;Buona;Ore Diurne;1;0;0;1;12,31418;41,76354;-1;1;Autovettura privata;In marcia / fermata / arresto;Conducente;F;Illeso;0;;Non accertato;
3522052;13;24/10/2017 18:40;Strada Urbana;VIA AGOSTINO CHIGI;all'intersezione con;VIA LUIGI VIOLA;VIA LUIGI VIOLA;;;Tamponamento;Incrocio;Una carreggiata a doppio senso;Asciutto;Asfaltata;Orizzontale;Sereno;Normale;Buona;Ore Diurne;1;0;0;1;12,31418;41,76354;-1;2;Motociclo a solo;In marcia / fermata / arresto;Conducente;F;Rimandato;0;NON DECEDUTO;Non accertato;
3522055;15;24/10/2017 15:30;Strada Urbana;VIALE ALEXANDRE GUSTAVE EIFFEL;da specificare;;;; civ. 100 (interno Commercity G 7);Investimento di pedone;Rettilineo;Due carreggiate;Asciutto;Asfaltata;Verticale ed orizzontale;Sereno;Normale;Buona;Ore Diurne;1;0;0;1;12,33477;41,80821;-1;;;;Pedone;F;Rimandato;0;NON DECEDUTO;;
3522055;15;24/10/2017 15:30;Strada Urbana;VIALE ALEXANDRE GUSTAVE EIFFEL;da specificare;;;; civ. 100 (interno Commercity G 7);Investimento di pedone;Rettilineo;Due carreggiate;Asciutto;Asfaltata;Verticale ed orizzontale;Sereno;Normale;Buona;Ore Diurne;1;0;0;1;12,33477;41,80821;-1;1;Autocarro inferiore 35 q.;In marcia / fermata / arresto;Conducente;M;Illeso;0;;Utilizzato;
3522075;20;24/10/2017 15:15;Strada Urbana;VIA ATTILIO VERDIROSI;all'intersezione con;VIA AMILCARE PAOLUCCI;VIA AMILCARE PAOLUCCI;;;Scontro frontale/laterale DX fra veicoli in marcia;Incrocio;Una carreggiata a senso unico di marcia;Asciutto;Asfaltata;Verticale;Sereno;Scarso;Buona;Ore Diurne;1;0;0;1;12,33388;42,0687;-1;1;Autovettura privata;In marcia / fermata / arresto;Conducente;F;Illeso;0;;Non accertato;Inesploso
3522075;20;24/10/2017 15:15;Strada Urbana;VIA ATTILIO VERDIROSI;all'intersezione con;VIA AMILCARE PAOLUCCI;VIA AMILCARE PAOLUCCI;;;Scontro frontale/laterale DX fra veicoli in marcia;Incrocio;Una carreggiata a senso unico di marcia;Asciutto;Asfaltata;Verticale;Sereno;Scarso;Buona;Ore Diurne;1;0;0;1;12,33388;42,0687;-1;2;Autovettura privata;In marcia / fermata / arresto;Conducente;M;Rifiuta cure immediate;0;NON DECEDUTO;Non accertato;Inesploso