Protocollo;Gruppo;DataOraIncidente;Localizzazione1;STRADA1;Localizzazione2;STRADA2;Strada02;Chilometrica;DaSpecificare;NaturaIncidente;particolaritastrade;TipoStrada;FondoStradale;Pavimentazione;Segnaletica;CondizioneAtmosferica;Traffico;Visibilita;Illuminazione;NUM_FERITI;NUM_RISERVATA;NUM_MORTI;NUM_ILLESI;Longitudine;Latitudine;Confermato;Progressivo;TipoVeicolo;StatoVeicolo;TipoPersona;Sesso;Tipolesione;Deceduto;DecedutoDopo;CinturaCascoUtilizzato;Airbag
3523140;12;24/10/2017 11:15;Strada Urbana;VIALE DON PASQUINO BORGHI;in corrispondenza;;del civico n.;224;;Investimento di pedone;Rettilineo;Una carreggiata a doppio senso;Asciutto;Strada pavimentata dissestata;Verticale ed orizzontale;Sereno;Normale;Buona;Ore Diurne;1;0;0;1;12,44229;41,81206;-1;;;;Pedone;M;Ricoverato;0;NON DECEDUTO;;
3523140;12;24/10/2017 11:15;Strada Urbana;VIALE DON PASQUINO BORGHI;in corrispondenza;;del civico n.;224;;Investimento di pedone;Rettilineo;Una carreggiata a doppio senso;Asciutto;Strada pavimentata dissestata;Verticale ed orizzontale;Sereno;Normale;Buona;Ore Diurne;1;0;0;1;12,44229;41,81206;-1;1;Autovettura privata;In marcia / fermata / arresto;Conducente;F;Illeso;0;;;
3523143;23;24/10/2017 18:50;Strada Urbana;VIA DEL CIRCO MASSIMO;all'intersezione con;PIAZZALE UGO LA MALFA;PIAZZALE UGO LA MALFA;;;Scontro frontale/laterale SX fra veicoli in marcia;Incrocio;Una carreggiata a doppio senso;Asciutto;Asfaltata;Verticale ed orizzontale;Sereno;Intenso;Sufficiente;Sufficiente;1;0;0;1;12,48484;41,88531;0;1;Autovettura privata;In marcia / fermata / arresto;Conducente;M;Illeso;0;;Non accertato;Inesploso
3523143;23;24/10/2017 18:50;Strada Urbana;VIA DEL CIRCO MASSIMO;all'intersezione con;PIAZZALE UGO LA MALFA;PIAZZALE UGO LA MALFA;;;Scontro frontale/laterale SX fra veicoli in marcia;Incrocio;Una carreggiata a doppio senso;Asciutto;Asfaltata;Verticale ed orizzontale;Sereno;Intenso;Sufficiente;Sufficiente;1;0;0;1;12,48484;41,88531;0;2;Motociclo a solo;In marcia / fermata / arresto;Conducente;M;Rifiuta cure immediate;0;NON DECEDUTO;Utilizzato;
3523175;17;24/10/2017 16:35;Strada Urbana;LUNGOTEVERE DELLE ARMI;in prossimità;;del civico n.;25;;Scontro laterale fra veicoli in marcia;Rettilineo;Una carreggiata a senso unico di marcia;Asciutto;Asfaltata;Orizzontale;Sereno;Intenso;Buona;Ore Diurne;0;0;0;2;12,46952;41,91731;-1;1;Autovettura privata;In marcia / fermata / arresto;Conducente;M;Illeso;0;;;
3523175;17;24/10/2017 16:35;Strada Urbana;LUNGOTEVERE DELLE ARMI;in prossimità;;del civico n.;25;;Scontro laterale fra veicoli in marcia;Rettilineo;Una carreggiata a senso unico di marcia;Asciutto;Asfaltata;Orizzontale;Sereno;Intenso;Buona;Ore Diurne;0;0;0;2;12,46952;41,91731;-1;2;Motociclo a solo;In marcia / fermata / arresto;Conducente;M;Illeso;0;;;
3523189;12;24/10/2017 12:50;Strada Urbana;VIALE UMBERTO TUPINI;all'intersezione semaforizzata con;VIALE DELL'ASTRONOMIA;VIALE DELL'ASTRONOMIA;;;Infortunio per sola frenata improvvisa;Incrocio;Una carreggiata a doppio senso;Asciutto;Asfaltata;Verticale ed orizzontale;Sereno;Scarso;Buona;Ore Diurne;1;0;0;1;12,46318;41,83538;-1;1;Autovettura privata;In marcia / fermata / arresto;Conducente;F;Illeso;0;;;
3523189;12;24/10/2017 12:50;Strada Urbana;VIALE UMBERTO TUPINI;all'intersezione semaforizzata con;VIALE DELL'ASTRONOMIA;VIALE DELL'ASTRONOMIA;;;Infortunio per sola frenata improvvisa;Incrocio;Una carreggiata a doppio senso;Asciutto;Asfaltata;Verticale ed orizzontale;Sereno;Scarso;Buona;Ore Diurne;1;0;0;1;12,46318;41,83538;-1;2;Motociclo a solo;In marcia / fermata / arresto;Conducente;M;Rimandato;0;NON DECEDUTO;;
3523221;9;25/10/2017 12:34;Strada Urbana;VIA TARANTO;all'intersezione semaforizzata con;VIA MONZA;VIA MONZA;;;Investimento di pedone;Intersezione semaforizzata;Una carreggiata a doppio senso;Asciutto;Asfaltata;Verticale ed orizzontale;Sereno;Normale;Buona;Ore Diurne;2;0;0;1;12,51504;41,88455;-1;;;;Pedone;F;Ricoverato;0;NON DECEDUTO;;
3523221;9;25/10/2017 12:34;Strada Urbana;VIA TARANTO;all'intersezione semaforizzata con;VIA MONZA;VIA MONZA;;;Investimento di pedone;Intersezione semaforizzata;Una carreggiata a doppio senso;Asciutto;Asfaltata;Verticale ed orizzontale;Sereno;Normale;Buona;Ore Diurne;2;0;0;1;12,51504;41,88455;-1;;;;Pedone;F;Rimandato;0;NON DECEDUTO;;
3523221;9;25/10/2017 12:34;Strada Urbana;VIA TARANTO;all'intersezione semaforizzata con;VIA MONZA;VIA MONZA;;;Investimento di pedone;Intersezione semaforizzata;Una carreggiata a doppio senso;Asciutto;Asfaltata;Verticale ed orizzontale;Sereno;Normale;Buona;Ore Diurne;2;0;0;1;12,51504;41,88455;-1;1;Autovettura privata;In marcia / fermata / arresto;Conducente;M;Illeso;0;;Utilizzato;Inesploso
3523223;12;23/10/2017 10:30;Comunale extraurbana;VIA DELLA FALCOGNANA;da specificare;;;;in prossimità via Ardeatina;Investimento di pedone;Curva senza visuale libera;Una carreggiata a doppio senso;Asciutto;Asfaltata;Verticale ed orizzontale;Sereno;Scarso;Buona;Ore Diurne;1;0;0;1;12,5612;41,76115;-1;;;;Pedone;M;Rimandato;0;NON DECEDUTO;;
3523223;12;23/10/2017 10:30;Comunale extraurbana;VIA DELLA FALCOGNANA;da specificare;;;;in prossimità via Ardeatina;Investimento di pedone;Curva senza visuale libera;Una carreggiata a doppio senso;Asciutto;Asfaltata;Verticale ed orizzontale;Sereno;Scarso;Buona;Ore Diurne;1;0;0;1;12,5612;41,76115;-1;1;Autovettura privata;In marcia / fermata / arresto;Conducente;M;Illeso;0;;;
3523238;3;24/10/2017 20:45;Strada Urbana;VIA DEL CASALE DI S. BASILIO;all'intersezione con;VIA NICOLA MARIA NICOLAI;VIA NICOLA MARIA NICOLAI;;;Scontro frontale/laterale DX fra veicoli in marcia;Incrocio;Una carreggiata a doppio senso;Asciutto;Asfaltata;Verticale ed orizzontale;Sereno;Scarso;Buona;Sufficiente;2;0;0;2;12,57572;41,94026;-1;1;Autovettura pubblica;In marcia / fermata / arresto;Conducente;M;Illeso;0;;Non accertato;Inesploso
3523238;3;24/10/2017 20:45;Strada Urbana;VIA DEL CASALE DI S. BASILIO;all'intersezione con;VIA NICOLA MARIA NICOLAI;VIA NICOLA MARIA NICOLAI;;;Scontro frontale/laterale DX fra veicoli in marcia;Incrocio;Una carreggiata a doppio senso;Asciutto;Asfaltata;Verticale ed orizzontale;Sereno;Scarso;Buona;Sufficiente;2;0;0;2;12,57572;41,94026;-1;2;Autovettura privata;In marcia / fermata / arresto;Conducente;M;Rimandato;0;NON DECEDUTO;Non accertato;Inesploso
3523238;3;24/10/2017 20:45;Strada Urbana;VIA DEL CASALE DI S. BASILIO;all'intersezione con;VIA NICOLA MARIA NICOLAI;VIA NICOLA MARIA NICOLAI;;;Scontro frontale/laterale DX fra veicoli in marcia;Incrocio;Una carreggiata a doppio senso;Asciutto;Asfaltata;Verticale ed orizzontale;Sereno;Scarso;Buona;Sufficiente;2;0;0;2;12,57572;41,94026;-1;2;Autovettura privata;In marcia / fermata / arresto;Passeggero;M;Illeso;0;;Non accertato;Inesploso
3523238;3;24/10/2017 20:45;Strada Urbana;VIA DEL CASALE DI S. BASILIO;all'intersezione con;VIA NICOLA MARIA NICOLAI;VIA NICOLA MARIA NICOLAI;;;Scontro frontale/laterale DX fra veicoli in marcia;Incrocio;Una carreggiata a doppio senso;Asciutto;Asfaltata;Verticale ed orizzontale;Sereno;Scarso;Buona;Sufficiente;2;0;0;2;12,57572;41,94026;-1;2;Autovettura privata;In marcia / fermata / arresto;Passeggero;M;Rimandato;0;NON DECEDUTO;Non accertato;Inesploso
3523247;23;24/10/2017 20:00;Strada Urbana;PIAZZALE OSTIENSE;da specificare;;;;altezza impianto semaforico che regola la corrente;Scontro frontale/laterale SX fra veicoli in marcia;Rettilineo;Due carreggiate;Asciutto;Asfaltata;Verticale ed orizzontale;Sereno;Intenso;Sufficiente;Sufficiente;0;0;0;2;12,48119;41,87658;-1;1;Autovettura privata;In marcia / fermata / arresto;Conducente;F;Illeso;0;;Non accertato;Inesploso
3523247;23;24/10/2017 20:00;Strada Urbana;PIAZZALE OSTIENSE;da specificare;;;;altezza impianto semaforico che regola la corrente;Scontro frontale/laterale SX fra veicoli in marcia;Rettilineo;Due carreggiate;Asciutto;Asfaltata;Verticale ed orizzontale;Sereno;Intenso;Sufficiente;Sufficiente;0;0;0;2;12,48119;41,87658;-1;2;Motociclo a solo;In marcia / fermata / arresto;Conducente;M;Illeso;0;;Utilizzato;
3523292;23;24/10/2017 20:45;Strada Urbana;VIA CRISTOFORO COLOMBO;in prossimità;;della chilometrica;26.4;;Veicolo in marcia contro ostacolo fisso;Rettilineo;Più di due carreggiate;Asciutto;Strada pavimentata dissestata;Verticale ed orizzontale;Sereno;Normale;Insufficiente;Inesistente;1;0;0;0;12,49637;41,87316;-1;1;Motociclo a solo;In marcia / fermata / arresto;Conducente;F;Rimandato;0;NON DECEDUTO;Utilizzato;
3523297;12;23/10/2017 08:20;Strada Urbana;VIA ANDREA MILLEVOI;in corrispondenza;;del civico n.;38;;Investimento di pedone;Curva a visuale libera;Una carreggiata a senso unico di marcia;Asciutto;Asfaltata;Verticale ed orizzontale;Sereno;Normale;Buona;Ore Diurne;2;0;0;1;12,51824;41,82216;-1;;;;Pedone;F;Rimandato;0;NON DECEDUTO;;
3523297;12;23/10/2017 08:20;Strada Urbana;VIA ANDREA MILLEVOI;in corrispondenza;;del civico n.;38;;Investimento di pedone;Curva a visuale libera;Una carreggiata a senso unico di marcia;Asciutto;Asfaltata;Verticale ed orizzontale;Sereno;Normale;Buona;Ore Diurne;2;0;0;1;12,51824;41,82216;-1;;;;Pedone;F;Rimandato;0;NON DECEDUTO;;
3523297;12;23/10/2017 08:20;Strada Urbana;VIA ANDREA MILLEVOI;in corrispondenza;;del civico n.;38;;Investimento di pedone;Curva a visuale libera;Una carreggiata a senso unico di marcia;Asciutto;Asfaltata;Verticale ed orizzontale;Sereno;Normale;Buona;Ore Diurne;2;0;0;1;12,51824;41,82216;-1;1;Autovettura privata;In marcia / fermata / arresto;Conducente;F;Illeso;0;;;
3523321;12;23/10/2017 09:30;Strada Urbana;VIALE CAMILLO SABATINI;da specificare;;;;fronte civico 161;Veicolo in marcia contro ostacolo accidentale;Rettilineo;Una carreggiata a doppio senso;Asciutto;Asfaltata;Verticale ed orizzontale;Vento forte;Normale;Buona;Ore Diurne;0;0;0;1;12,44079;41,81877;-1;1;Autovettura privata;In marcia / fermata / arresto;Conducente;F;Illeso;0;;Non accertato;Inesploso
3523367;10;25/10/2017 13:15;Strada Urbana;VIA TUSCOLANA;in prossimità;;del civico n.;1719;;Scontro laterale fra veicoli in marcia;Rettilineo;Due carreggiate;Asciutto;Asfaltata;Verticale ed orizzontale;Sereno;Normale;Sufficiente;Ore Diurne;0;0;0;3;12,65139;41,81647;-1;1;Autovettura privata;In marcia / fermata / arresto;Conducente;M;Illeso;0;;Non accertato;Inesploso
3523367;10;25/10/2017 13:15;Strada Urbana;VIA TUSCOLANA;in prossimità;;del civico n.;1719;;Scontro laterale fra veicoli in marcia;Rettilineo;Due carreggiate;Asciutto;Asfaltata;Verticale ed orizzontale;Sereno;Normale;Sufficiente;Ore Diurne;0;0;0;3;12,65139;41,81647;-1;1;Autovettura privata;In marcia / fermata / arresto;Passeggero;F;Illeso;0;;Non accertato;Inesploso
3523367;10;25/10/2017 13:15;Strada Urbana;VIA TUSCOLANA;in prossimità;;del civico n.;1719;;Scontro laterale fra veicoli in marcia;Rettilineo;Due carreggiate;Asciutto;Asfaltata;Verticale ed orizzontale;Sereno;Normale;Sufficiente;Ore Diurne;0;0;0;3;12,65139;41,81647;-1;2;Autovettura privata;In marcia / fermata / arresto;Conducente;M;Illeso;0;;Non accertato;Inesploso
3523371;11;25/10/2017 13:45;Strada Urbana;VIA TULLIO LEVI CIVITA;in prossimità;;del civico n.;56;;Tamponamento Multiplo;Curva a visuale libera;Due carreggiate;Asciutto;Asfaltata;Verticale ed orizzontale;Sereno;Normale;Buona;Ore Diurne;0;0;0;5;12,47304;41,85552;-1;1;Autovettura privata;In marcia / fermata / arresto;Conducente;M;Illeso;0;;Non accertato;Inesploso
3523371;11;25/10/2017 13:45;Strada Urbana;VIA TULLIO LEVI CIVITA;in prossimità;;del civico n.;56;;Tamponamento Multiplo;Curva a visuale libera;Due carreggiate;Asciutto;Asfaltata;Verticale ed orizzontale;Sereno;Normale;Buona;Ore Diurne;0;0;0;5;12,47304;41,85552;-1;1;Autovettura privata;In marcia / fermata / arresto;Passeggero;M;Illeso;0;;Non accertato;Inesploso
3523371;11;25/10/2017 13:45;Strada Urbana;VIA TULLIO LEVI CIVITA;in prossimità;;del civico n.;56;;Tamponamento Multiplo;Curva a visuale libera;Due carreggiate;Asciutto;Asfaltata;Verticale ed orizzontale;Sereno;Normale;Buona;Ore Diurne;0;0;0;5;12,47304;41,85552;-1;2;Autocarro inferiore 35 q.;In marcia / fermata / arresto;Conducente;M;Illeso;0;;Non accertato;Inesploso
3523371;11;25/10/2017 13:45;Strada Urbana;VIA TULLIO LEVI CIVITA;in prossimità;;del civico n.;56;;Tamponamento Multiplo;Curva a visuale libera;Due carreggiate;Asciutto;Asfaltata;Verticale ed orizzontale;Sereno;Normale;Buona;Ore Diurne;0;0;0;5;12,47304;41,85552;-1;2;Autocarro inferiore 35 q.;In marcia / fermata / arresto;Passeggero;F;Illeso;0;;Non accertato;Inesploso
3523371;11;25/10/2017 13:45;Strada Urbana;VIA TULLIO LEVI CIVITA;in prossimità;;del civico n.;56;;Tamponamento Multiplo;Curva a visuale libera;Due carreggiate;Asciutto;Asfaltata;Verticale ed orizzontale;Sereno;Normale;Buona;Ore Diurne;0;0;0;5;12,47304;41,85552;-1;3;Autovettura privata;In marcia / fermata / arresto;Conducente;M;Illeso;0;;Non accertato;Inesploso
3523395;12;23/10/2017 08:30;Strada Urbana;VIA CRISTOFORO COLOMBO;da specificare;;;;confluenza via Pontina alt. Gra prox Km. 10,600;Scontro laterale fra veicoli in marcia;Rettilineo;Due carreggiate;Asciutto;Asfaltata;Verticale ed orizzontale;Sereno;Normale;Buona;Ore Diurne;1;0;0;1;12,41155;41,78584;-1;1;Autovettura privata;In marcia / fermata / arresto;Conducente;M;Illeso;0;;Utilizzato;Inesploso
3523395;12;23/10/2017 08:30;Strada Urbana;VIA CRISTOFORO COLOMBO;da specificare;;;;confluenza via Pontina alt. Gra prox Km. 10,600;Scontro laterale fra veicoli in marcia;Rettilineo;Due carreggiate;Asciutto;Asfaltata;Verticale ed orizzontale;Sereno;Normale;Buona;Ore Diurne;1;0;0;1;12,41155;41,78584;-1;2;Ciclomotore;In marcia / fermata / arresto;Conducente;F;Rimandato;0;NON DECEDUTO;Utilizzato;
3523415;12;24/10/2017 16:30;Strada Urbana;VIA DI TOR PAGNOTTA;da specificare;;;;per via Bel Poggio ;Scontro laterale fra veicoli in marcia;Rettilineo;Una carreggiata a doppio senso;Asciutto;Asfaltata;Verticale ed orizzontale;Sereno;Normale;Sufficiente;Ore Diurne;0;0;0;4;12,50419;41,80388;-1;1;Autovettura privata;In marcia / fermata / arresto;Conducente;M;Illeso;0;;Utilizzato;Inesploso
3523415;12;24/10/2017 16:30;Strada Urbana;VIA DI TOR PAGNOTTA;da specificare;;;;per via Bel Poggio ;Scontro laterale fra veicoli in marcia;Rettilineo;Una carreggiata a doppio senso;Asciutto;Asfaltata;Verticale ed orizzontale;Sereno;Normale;Sufficiente;Ore Diurne;0;0;0;4;12,50419;41,80388;-1;1;Autovettura privata;In marcia / fermata / arresto;Passeggero;M;Illeso;0;;Utilizzato;Inesploso
3523415;12;24/10/2017 16:30;Strada Urbana;VIA DI TOR PAGNOTTA;da specificare;;;;per via Bel Poggio ;Scontro laterale fra veicoli in marcia;Rettilineo;Una carreggiata a doppio senso;Asciutto;Asfaltata;Verticale ed orizzontale;Sereno;Normale;Sufficiente;Ore Diurne;0;0;0;4;12,50419;41,80388;-1;1;Autovettura privata;In marcia / fermata / arresto;Passeggero;F;Illeso;0;;Utilizzato;Inesploso
3523415;12;24/10/2017 16:30;Strada Urbana;VIA DI TOR PAGNOTTA;da specificare;;;;per via Bel Poggio ;Scontro laterale fra veicoli in marcia;Rettilineo;Una carreggiata a doppio senso;Asciutto;Asfaltata;Verticale ed orizzontale;Sereno;Normale;Sufficiente;Ore Diurne;0;0;0;4;12,50419;41,80388;-1;2;Motociclo a solo;In marcia / fermata / arresto;Conducente;M;Illeso;0;;Utilizzato;
3523433;12;23/10/2017 20:30;Strada Urbana;VIA DI TRIGORIA;in prossimità;;del civico n.;96;;Tamponamento;Rettilineo;Una carreggiata a senso unico di marcia;Asciutto;Asfaltata;Verticale ed orizzontale;Sereno;Scarso;Buona;Insufficiente;1;0;0;1;12,47771;41,76738;-1;1;Autovettura privata;In marcia / fermata / arresto;Conducente;F;Illeso;0;;Utilizzato;Inesploso
3523433;12;23/10/2017 20:30;Strada Urbana;VIA DI TRIGORIA;in prossimità;;del civico n.;96;;Tamponamento;Rettilineo;Una carreggiata a senso unico di marcia;Asciutto;Asfaltata;Verticale ed orizzontale;Sereno;Scarso;Buona;Insufficiente;1;0;0;1;12,47771;41,76738;-1;2;Motociclo a solo;In marcia / fermata / arresto;Conducente;M;Rimandato;0;NON DECEDUTO;Utilizzato;
3523516;18;25/10/2017 07:20;Statale;VIA AURELIA;in prossimità;;della chilometrica;12;;Tamponamento Multiplo;Rettilineo;Due carreggiate;Asciutto;Asfaltata;Verticale ed orizzontale;Sereno;Normale;Buona;Ore Diurne;3;0;0;4;12,36113;41,88417;-1;1;Autovettura privata;In marcia / fermata / arresto;Conducente;M;Illeso;0;;Non accertato;Inesploso
3523516;18;25/10/2017 07:20;Statale;VIA AURELIA;in prossimità;;della chilometrica;12;;Tamponamento Multiplo;Rettilineo;Due carreggiate;Asciutto;Asfaltata;Verticale ed orizzontale;Sereno;Normale;Buona;Ore Diurne;3;0;0;4;12,36113;41,88417;-1;2;Autovettura privata;In marcia / fermata / arresto;Conducente;M;Illeso;0;;Non accertato;Inesploso
3523516;18;25/10/2017 07:20;Statale;VIA AURELIA;in prossimità;;della chilometrica;12;;Tamponamento Multiplo;Rettilineo;Due carreggiate;Asciutto;Asfaltata;Verticale ed orizzontale;Sereno;Normale;Buona;Ore Diurne;3;0;0;4;12,36113;41,88417;-1;2;Autovettura privata;In marcia / fermata / arresto;Passeggero;F;Rifiuta cure immediate;0;NON DECEDUTO;Non accertato;Inesploso
3523516;18;25/10/2017 07:20;Statale;VIA AURELIA;in prossimità;;della chilometrica;12;;Tamponamento Multiplo;Rettilineo;Due carreggiate;Asciutto;Asfaltata;Verticale ed orizzontale;Sereno;Normale;Buona;Ore Diurne;3;0;0;4;12,36113;41,88417;-1;3;Autovettura privata;In marcia / fermata / arresto;Conducente;M;Rifiuta cure immediate;0;NON DECEDUTO;Non accertato;Inesploso
3523516;18;25/10/2017 07:20;Statale;VIA AURELIA;in prossimità;;della chilometrica;12;;Tamponamento Multiplo;Rettilineo;Due carreggiate;Asciutto;Asfaltata;Verticale ed orizzontale;Sereno;Normale;Buona;Ore Diurne;3;0;0;4;12,36113;41,88417;-1;4;Autovettura privata;In marcia / fermata / arresto;Conducente;M;Illeso;0;;Non accertato;Inesploso
3523516;18;25/10/2017 07:20;Statale;VIA AURELIA;in prossimità;;della chilometrica;12;;Tamponamento Multiplo;Rettilineo;Due carreggiate;Asciutto;Asfaltata;Verticale ed orizzontale;Sereno;Normale;Buona;Ore Diurne;3;0;0;4;12,36113;41,88417;-1;5;Autovettura privata;In marcia / fermata / arresto;Conducente;M;Rifiuta cure immediate;0;NON DECEDUTO;Non accertato;Esploso
3523516;18;25/10/2017 07:20;Statale;VIA AURELIA;in prossimità;;della chilometrica;12;;Tamponamento Multiplo;Rettilineo;Due carreggiate;Asciutto;Asfaltata;Verticale ed orizzontale;Sereno;Normale;Buona;Ore Diurne;3;0;0;4;12,36113;41,88417;-1;6;Autocarro inferiore 35 q.;In marcia / fermata / arresto;Conducente;M;Illeso;0;;Non accertato;Inesistente
3523520;18;24/10/2017 17:15;Strada Urbana;VIA GREGORIO VII;in corrispondenza;;del civico n.;142;;Tamponamento Multiplo;Rettilineo;Più di due carreggiate;Asciutto;Asfaltata;Verticale ed orizzontale;Sereno;Normale;Buona;Ore Diurne;1;0;0;3;12,44519;41,89579;-1;1;Autovettura privata;In marcia / fermata / arresto;Conducente;M;Illeso;0;;Non accertato;Inesploso
3523520;18;24/10/2017 17:15;Strada Urbana;VIA GREGORIO VII;in corrispondenza;;del civico n.;142;;Tamponamento Multiplo;Rettilineo;Più di due carreggiate;Asciutto;Asfaltata;Verticale ed orizzontale;Sereno;Normale;Buona;Ore Diurne;1;0;0;3;12,44519;41,89579;-1;2;Autovettura privata;In marcia / fermata / arresto;Conducente;M;Illeso;0;;Non accertato;Inesploso
3523520;18;24/10/2017 17:15;Strada Urbana;VIA GREGORIO VII;in corrispondenza;;del civico n.;142;;Tamponamento Multiplo;Rettilineo;Più di due carreggiate;Asciutto;Asfaltata;Verticale ed orizzontale;Sereno;Normale;Buona;Ore Diurne;1;0;0;3;12,44519;41,89579;-1;2;Autovettura privata;In marcia / fermata / arresto;Passeggero;F;Rimandato;0;NON DECEDUTO;Non accertato;Inesistente
3523520;18;24/10/2017 17:15;Strada Urbana;VIA GREGORIO VII;in corrispondenza;;del civico n.;142;;Tamponamento Multiplo;Rettilineo;Più di due carreggiate;Asciutto;Asfaltata;Verticale ed orizzontale;Sereno;Normale;Buona;Ore Diurne;1;0;0;3;12,44519;41,89579;-1;3;Autocarro inferiore 35 q.;In marcia / fermata / arresto;Conducente;M;Illeso;0;;Non accertato;Inesploso
3523525;18;24/10/2017 18:20;Statale;VIA AURELIA;in prossimità;;della chilometrica;14.6;;Scontro laterale fra veicoli in marcia;Rettilineo;Due carreggiate;Asciutto;Asfaltata;Verticale ed orizzontale;Sereno;Normale;Buona;Ore Diurne;0;0;0;4;12,40555;41,88836;-1;1;Autovettura privata;In marcia / fermata / arresto;Conducente;M;Illeso;0;;;
3523525;18;24/10/2017 18:20;Statale;VIA AURELIA;in prossimità;;della chilometrica;14.6;;Scontro laterale fra veicoli in marcia;Rettilineo;Due carreggiate;Asciutto;Asfaltata;Verticale ed orizzontale;Sereno;Normale;Buona;Ore Diurne;0;0;0;4;12,40555;41,88836;-1;1;Autovettura privata;In marcia / fermata / arresto;Passeggero;M;Illeso;0;;;
3523525;18;24/10/2017 18:20;Statale;VIA AURELIA;in prossimità;;della chilometrica;14.6;;Scontro laterale fra veicoli in marcia;Rettilineo;Due carreggiate;Asciutto;Asfaltata;Verticale ed orizzontale;Sereno;Normale;Buona;Ore Diurne;0;0;0;4;12,40555;41,88836;-1;1;Autovettura privata;In marcia / fermata / arresto;Passeggero;F;Illeso;0;;;
3523525;18;24/10/2017 18:20;Statale;VIA AURELIA;in prossimità;;della chilometrica;14.6;;Scontro laterale fra veicoli in marcia;Rettilineo;Due carreggiate;Asciutto;Asfaltata;Verticale ed orizzontale;Sereno;Normale;Buona;Ore Diurne;0;0;0;4;12,40555;41,88836;-1;2;Autovettura privata;In marcia / fermata / arresto;Conducente;M;Illeso;0;;;
3523554;18;24/10/2017 18:35;Strada Urbana;VIA DELLA PINETA SACCHETTI;in corrispondenza;;del civico n.;53;;Investimento di pedone;Rettilineo;Una carreggiata a doppio senso;Asciutto;Asfaltata;Verticale ed orizzontale;Sereno;Normale;Buona;Ore Diurne;1;0;0;1;12,42295;41,91425;-1;;;;Pedone;F;Rimandato;0;NON DECEDUTO;;
3523554;18;24/10/2017 18:35;Strada Urbana;VIA DELLA PINETA SACCHETTI;in corrispondenza;;del civico n.;53;;Investimento di pedone;Rettilineo;Una carreggiata a doppio senso;Asciutto;Asfaltata;Verticale ed orizzontale;Sereno;Normale;Buona;Ore Diurne;1;0;0;1;12,42295;41,91425;-1;1;Motociclo a solo;In marcia / fermata / arresto;Conducente;M;Illeso;0;;Non accertato;
3523565;9;25/10/2017 15:10;Strada Urbana;VIA NOCERA UMBRA;all'intersezione con;VIA LUGNANO IN TEVERINA;VIA LUGNANO IN TEVERINA;;;Scontro frontale/laterale DX fra veicoli in marcia;Incrocio;Due carreggiate;Asciutto;Asfaltata;Verticale ed orizzontale;Sereno;Normale;Buona;Ore Diurne;1;0;0;2;12,53114;41,87942;-1;1;Autovettura privata;In marcia / fermata / arresto;Conducente;M;Illeso;0;;Utilizzato;Inesploso
3523565;9;25/10/2017 15:10;Strada Urbana;VIA NOCERA UMBRA;all'intersezione con;VIA LUGNANO IN TEVERINA;VIA LUGNANO IN TEVERINA;;;Scontro frontale/laterale DX fra veicoli in marcia;Incrocio;Due carreggiate;Asciutto;Asfaltata;Verticale ed orizzontale;Sereno;Normale;Buona;Ore Diurne;1;0;0;2;12,53114;41,87942;-1;2;Autovettura privata;In marcia / fermata / arresto;Conducente;M;Illeso;0;;Utilizzato;Inesploso
3523565;9;25/10/2017 15:10;Strada Urbana;VIA NOCERA UMBRA;all'intersezione con;VIA LUGNANO IN TEVERINA;VIA LUGNANO IN TEVERINA;;;Scontro frontale/laterale DX fra veicoli in marcia;Incrocio;Due carreggiate;Asciutto;Asfaltata;Verticale ed orizzontale;Sereno;Normale;Buona;Ore Diurne;1;0;0;2;12,53114;41,87942;-1;2;Autovettura privata;In marcia / fermata / arresto;Passeggero;F;Rimandato;0;NON DECEDUTO;Utilizzato;Inesploso
3523653;6;25/10/2017 12:30;Strada Urbana;VIALE DELLA VENEZIA GIULIA;all'intersezione con;VIALE DELLA SERENISSIMA;VIALE DELLA SERENISSIMA;;;Investimento di pedone;Intersezione semaforizzata;Una carreggiata a doppio senso;Asciutto;Asfaltata;Verticale ed orizzontale;Sereno;Normale;Buona;Ore Diurne;1;0;0;1;12,55843;41,8967;-1;;;;Pedone;F;Rimandato;0;NON DECEDUTO;;
3523653;6;25/10/2017 12:30;Strada Urbana;VIALE DELLA VENEZIA GIULIA;all'intersezione con;VIALE DELLA SERENISSIMA;VIALE DELLA SERENISSIMA;;;Investimento di pedone;Intersezione semaforizzata;Una carreggiata a doppio senso;Asciutto;Asfaltata;Verticale ed orizzontale;Sereno;Normale;Buona;Ore Diurne;1;0;0;1;12,55843;41,8967;-1;1;Autovettura privata;In marcia / fermata / arresto;Conducente;M;Illeso;0;;Non accertato;Inesploso
3523684;11;25/10/2017 15:40;Strada Urbana;VIA CRISTOFORO COLOMBO;in prossimità;;del palo luce n.;235;;Scontro laterale fra veicoli in marcia;Rettilineo;Più di due carreggiate;Asciutto;Asfaltata;Verticale ed orizzontale;Sereno;Normale;Buona;Ore Diurne;0;0;0;2;12,48949;41,85355;-1;1;Autovettura privata;In marcia / fermata / arresto;Conducente;F;Illeso;0;;Non accertato;Inesploso