Protocollo;Gruppo;DataOraIncidente;Localizzazione1;STRADA1;Localizzazione2;STRADA2;Strada02;Chilometrica;DaSpecificare;NaturaIncidente;particolaritastrade;TipoStrada;FondoStradale;Pavimentazione;Segnaletica;CondizioneAtmosferica;Traffico;Visibilita;Illuminazione;NUM_FERITI;NUM_RISERVATA;NUM_MORTI;NUM_ILLESI;Longitudine;Latitudine;Confermato;Progressivo;TipoVeicolo;StatoVeicolo;TipoPersona;Sesso;Tipolesione;Deceduto;DecedutoDopo;CinturaCascoUtilizzato;Airbag
3526045;13;26/10/2017 17:15;Strada Urbana;VIA EURIPIDE;all'intersezione con;VIA BACCHILIDE;VIA BACCHILIDE;;;Scontro frontale/laterale DX fra veicoli in marcia;Incrocio;Una carreggiata a doppio senso;Asciutto;Asfaltata;Verticale ed orizzontale;Sereno;Scarso;Buona;Ore Diurne;1;0;0;1;12,367;41,76763;-1;2;Velocipede;In marcia / fermata / arresto;Conducente;M;Rimandato;0;NON DECEDUTO;Esente;
3526047;13;26/10/2017 09:00;Strada Urbana;VIA DI MACCHIA SAPONARA;all'intersezione con;VIA BRUNO MOLAJOLI;VIA BRUNO MOLAJOLI;;;Scontro frontale/laterale DX fra veicoli in marcia;Incrocio;Una carreggiata a doppio senso;Asciutto;Asfaltata;Verticale ed orizzontale;Sereno;Normale;Buona;Ore Diurne;1;0;0;2;12,35762;41,76749;-1;1;Autocarro inferiore 35 q.;In marcia / fermata / arresto;Conducente;M;Illeso;0;;;
3526047;13;26/10/2017 09:00;Strada Urbana;VIA DI MACCHIA SAPONARA;all'intersezione con;VIA BRUNO MOLAJOLI;VIA BRUNO MOLAJOLI;;;Scontro frontale/laterale DX fra veicoli in marcia;Incrocio;Una carreggiata a doppio senso;Asciutto;Asfaltata;Verticale ed orizzontale;Sereno;Normale;Buona;Ore Diurne;1;0;0;2;12,35762;41,76749;-1;1;Autocarro inferiore 35 q.;In marcia / fermata / arresto;Passeggero;M;Illeso;0;;;
3526047;13;26/10/2017 09:00;Strada Urbana;VIA DI MACCHIA SAPONARA;all'intersezione con;VIA BRUNO MOLAJOLI;VIA BRUNO MOLAJOLI;;;Scontro frontale/laterale DX fra veicoli in marcia;Incrocio;Una carreggiata a doppio senso;Asciutto;Asfaltata;Verticale ed orizzontale;Sereno;Normale;Buona;Ore Diurne;1;0;0;2;12,35762;41,76749;-1;2;Autovettura privata;In marcia / fermata / arresto;Conducente;M;Rimandato;0;NON DECEDUTO;;
3526049;13;26/10/2017 09:00;Strada Urbana;VIA ALESSANDRO PIOLA CASELLI;in corrispondenza;;del civico n.;101;;Investimento di pedone;Rettilineo;Una carreggiata a doppio senso;Asciutto;Asfaltata;Verticale ed orizzontale;Sereno;Normale;Buona;Ore Diurne;1;0;0;1;12,28592;41,73785;-1;;;;Pedone;M;Rimandato;0;NON DECEDUTO;;
3526049;13;26/10/2017 09:00;Strada Urbana;VIA ALESSANDRO PIOLA CASELLI;in corrispondenza;;del civico n.;101;;Investimento di pedone;Rettilineo;Una carreggiata a doppio senso;Asciutto;Asfaltata;Verticale ed orizzontale;Sereno;Normale;Buona;Ore Diurne;1;0;0;1;12,28592;41,73785;-1;1;Autovettura privata;In marcia / fermata / arresto;Conducente;M;Illeso;0;;Non accertato;Inesploso
3526050;13;26/10/2017 11:05;Strada Urbana;VIA MASSIMO TROISI;all'intersezione con;VIA DOMENICO MODUGNO;VIA DOMENICO MODUGNO;;;Veicolo in marcia contro veicolo in sosta;Incrocio;Due carreggiate;Asciutto;Asfaltata;Verticale ed orizzontale;Sereno;Scarso;Buona;Ore Diurne;0;0;0;1;12,39471;41,78661;-1;1;Autovettura privata;In marcia / fermata / arresto;Conducente;F;Illeso;0;;Non accertato;
3526051;13;26/10/2017 09:05;Strada Urbana;PIAZZA REGINA PACIS;all'intersezione con;VIA ANGELO CELLI;VIA ANGELO CELLI;;;Scontro frontale/laterale SX fra veicoli in marcia;Incrocio;Una carreggiata a doppio senso;Asciutto;Asfaltata;Verticale ed orizzontale;Sereno;Normale;Buona;Ore Diurne;0;0;0;2;12,28062;41,73092;-1;1;Autovettura privata;In marcia / fermata / arresto;Conducente;M;Illeso;0;;Non accertato;Inesploso
3526051;13;26/10/2017 09:05;Strada Urbana;PIAZZA REGINA PACIS;all'intersezione con;VIA ANGELO CELLI;VIA ANGELO CELLI;;;Scontro frontale/laterale SX fra veicoli in marcia;Incrocio;Una carreggiata a doppio senso;Asciutto;Asfaltata;Verticale ed orizzontale;Sereno;Normale;Buona;Ore Diurne;0;0;0;2;12,28062;41,73092;-1;2;Ciclomotore;In marcia / fermata / arresto;Conducente;F;Illeso;0;;Non accertato;
3526057;1;26/10/2017 16:40;Strada Urbana;PIAZZA VENEZIA;da specificare;;;;imbocco VIA CESARE BATTISTI;Scontro laterale fra veicoli in marcia;Curva a visuale libera;Più di due carreggiate;Asciutto;Asfaltata;Verticale ed orizzontale;Sereno;Intenso;Buona;Ore Diurne;0;0;0;2;12,48262;41,89629;-1;1;Autobus urbano;In marcia / fermata / arresto;Conducente;M;Illeso;0;;Non accertato;
3526057;1;26/10/2017 16:40;Strada Urbana;PIAZZA VENEZIA;da specificare;;;;imbocco VIA CESARE BATTISTI;Scontro laterale fra veicoli in marcia;Curva a visuale libera;Più di due carreggiate;Asciutto;Asfaltata;Verticale ed orizzontale;Sereno;Intenso;Buona;Ore Diurne;0;0;0;2;12,48262;41,89629;-1;2;Autovettura privata;In marcia / fermata / arresto;Conducente;M;Illeso;0;;Non accertato;
3526060;8;26/10/2017 22:10;Strada Urbana;VIA PRENESTINA;in corrispondenza;;del civico n.;1110;;Veicolo in marcia contro veicoli in sosta;Rettilineo;Una carreggiata a doppio senso;Asciutto;Asfaltata;Verticale ed orizzontale;Sereno;Normale;Buona;Sufficiente;0;0;0;1;12,6165;41,89328;-1;1;Autovettura privata;In marcia / fermata / arresto;Conducente;M;Illeso;0;;Non accertato;Inesploso
3526067;8;26/10/2017 20:10;Strada Urbana;VIALE OXFORD;da specificare;;;;pross. ingresso pronto soccorso PTV;Veicolo in marcia contro veicolo in sosta;Rettilineo;Due carreggiate;Asciutto;Asfaltata;Verticale ed orizzontale;Sereno;Scarso;Sufficiente;Sufficiente;0;0;0;3;12,62776;41,86039;-1;1;Autovettura privata;In marcia / fermata / arresto;Conducente;F;Illeso;0;;Non accertato;Inesploso
3526067;8;26/10/2017 20:10;Strada Urbana;VIALE OXFORD;da specificare;;;;pross. ingresso pronto soccorso PTV;Veicolo in marcia contro veicolo in sosta;Rettilineo;Due carreggiate;Asciutto;Asfaltata;Verticale ed orizzontale;Sereno;Scarso;Sufficiente;Sufficiente;0;0;0;3;12,62776;41,86039;-1;1;Autovettura privata;In marcia / fermata / arresto;Passeggero;F;Illeso;0;;Non accertato;Inesploso
3526067;8;26/10/2017 20:10;Strada Urbana;VIALE OXFORD;da specificare;;;;pross. ingresso pronto soccorso PTV;Veicolo in marcia contro veicolo in sosta;Rettilineo;Due carreggiate;Asciutto;Asfaltata;Verticale ed orizzontale;Sereno;Scarso;Sufficiente;Sufficiente;0;0;0;3;12,62776;41,86039;-1;1;Autovettura privata;In marcia / fermata / arresto;Passeggero;M;Illeso;0;;Non accertato;Inesploso
3526068;11;26/10/2017 11:30;Strada Urbana;VIA OSTIENSE;da specificare;;;;carr. lat. dir. Piramide altezza Ponte Spizzichino;Tamponamento Multiplo;Rettilineo;Più di due carreggiate;Asciutto;Asfaltata;Verticale ed orizzontale;Sereno;Normale;Buona;Ore Diurne;2;0;0;1;12,4795;41,86771;-1;1;Autovettura privata;In marcia / fermata / arresto;Conducente;F;Illeso;0;;Non accertato;
3526068;11;26/10/2017 11:30;Strada Urbana;VIA OSTIENSE;da specificare;;;;carr. lat. dir. Piramide altezza Ponte Spizzichino;Tamponamento Multiplo;Rettilineo;Più di due carreggiate;Asciutto;Asfaltata;Verticale ed orizzontale;Sereno;Normale;Buona;Ore Diurne;2;0;0;1;12,4795;41,86771;-1;2;Autovettura privata;In marcia / fermata / arresto;Conducente;M;Rimandato;0;NON DECEDUTO;Non accertato;
3526068;11;26/10/2017 11:30;Strada Urbana;VIA OSTIENSE;da specificare;;;;carr. lat. dir. Piramide altezza Ponte Spizzichino;Tamponamento Multiplo;Rettilineo;Più di due carreggiate;Asciutto;Asfaltata;Verticale ed orizzontale;Sereno;Normale;Buona;Ore Diurne;2;0;0;1;12,4795;41,86771;-1;3;Autovettura privata;In marcia / fermata / arresto;Conducente;F;Rimandato;0;NON DECEDUTO;Non accertato;
3526077;5;26/10/2017 07:21;Strada Urbana;VIA TIBURTINA;da specificare;;;;altezza G.R.A.;Scontro laterale fra veicoli in marcia;Rettilineo;Una carreggiata a doppio senso;Asciutto;Asfaltata;Temporanea di cantiere;Sereno;Intenso;Buona;Ore Diurne;0;0;0;3;12,61097;41,91999;-1;1;Autovettura privata;In marcia / fermata / arresto;Conducente;M;Illeso;0;;Non accertato;Inesploso
3526077;5;26/10/2017 07:21;Strada Urbana;VIA TIBURTINA;da specificare;;;;altezza G.R.A.;Scontro laterale fra veicoli in marcia;Rettilineo;Una carreggiata a doppio senso;Asciutto;Asfaltata;Temporanea di cantiere;Sereno;Intenso;Buona;Ore Diurne;0;0;0;3;12,61097;41,91999;-1;1;Autovettura privata;In marcia / fermata / arresto;Passeggero;M;Illeso;0;;Non accertato;Inesploso
3526077;5;26/10/2017 07:21;Strada Urbana;VIA TIBURTINA;da specificare;;;;altezza G.R.A.;Scontro laterale fra veicoli in marcia;Rettilineo;Una carreggiata a doppio senso;Asciutto;Asfaltata;Temporanea di cantiere;Sereno;Intenso;Buona;Ore Diurne;0;0;0;3;12,61097;41,91999;-1;2;Autovettura privata;In marcia / fermata / arresto;Conducente;M;Illeso;0;;Non accertato;Inesploso
3526078;15;26/10/2017 15:40;Strada Urbana;VIADOTTO DELLA MAGLIANA;da specificare;;;;int.ne rampa imm.ne Magliana dir. Eur;Scontro laterale fra veicoli in marcia;Rettilineo;Due carreggiate;Asciutto;Asfaltata;Verticale ed orizzontale;Sereno;Intenso;Buona;Ore Diurne;0;0;0;2;12,46314;41,84172;-1;1;Veicolo speciale;In marcia / fermata / arresto;Conducente;M;Illeso;0;;;
3526078;15;26/10/2017 15:40;Strada Urbana;VIADOTTO DELLA MAGLIANA;da specificare;;;;int.ne rampa imm.ne Magliana dir. Eur;Scontro laterale fra veicoli in marcia;Rettilineo;Due carreggiate;Asciutto;Asfaltata;Verticale ed orizzontale;Sereno;Intenso;Buona;Ore Diurne;0;0;0;2;12,46314;41,84172;-1;2;Autovettura privata;In marcia / fermata / arresto;Conducente;F;Illeso;0;;;
3526081;6;27/10/2017 01:00;Strada Urbana;VIA TIBURTINA;in corrispondenza;;del civico n.;781;;Scontro frontale/laterale SX fra veicoli in marcia;Rettilineo;Due carreggiate;Asciutto;Asfaltata;Verticale ed orizzontale;Sereno;Scarso;Sufficiente;Sufficiente;2;0;0;1;12,5576;41,91375;-1;1;Autovettura privata;In marcia / fermata / arresto;Conducente;M;Illeso;0;;;
3526081;6;27/10/2017 01:00;Strada Urbana;VIA TIBURTINA;in corrispondenza;;del civico n.;781;;Scontro frontale/laterale SX fra veicoli in marcia;Rettilineo;Due carreggiate;Asciutto;Asfaltata;Verticale ed orizzontale;Sereno;Scarso;Sufficiente;Sufficiente;2;0;0;1;12,5576;41,91375;-1;2;Autovettura privata;In marcia / fermata / arresto;Conducente;F;Rimandato;0;NON DECEDUTO;;
3526081;6;27/10/2017 01:00;Strada Urbana;VIA TIBURTINA;in corrispondenza;;del civico n.;781;;Scontro frontale/laterale SX fra veicoli in marcia;Rettilineo;Due carreggiate;Asciutto;Asfaltata;Verticale ed orizzontale;Sereno;Scarso;Sufficiente;Sufficiente;2;0;0;1;12,5576;41,91375;-1;2;Autovettura privata;In marcia / fermata / arresto;Passeggero;M;Rimandato;0;NON DECEDUTO;;
3526085;15;26/10/2017 19:15;Strada Urbana;VIA PORTUENSE;da specificare;;;;altezza fermata autobus Portuense/Casetta Mattei;Investimento di pedone;Rettilineo;Una carreggiata a doppio senso;Asciutto;Asfaltata;Verticale;Sereno;Intenso;Buona;Sufficiente;1;0;0;1;12,35585;41,82718;-1;;;;Pedone;M;Rimandato;0;NON DECEDUTO;;
3526085;15;26/10/2017 19:15;Strada Urbana;VIA PORTUENSE;da specificare;;;;altezza fermata autobus Portuense/Casetta Mattei;Investimento di pedone;Rettilineo;Una carreggiata a doppio senso;Asciutto;Asfaltata;Verticale;Sereno;Intenso;Buona;Sufficiente;1;0;0;1;12,35585;41,82718;-1;1;Motociclo a solo;In marcia / fermata / arresto;Conducente;M;Illeso;0;;Utilizzato;
3526086;5;26/10/2017 08:45;Strada Urbana;VIA TIBURTINA;all'intersezione con;VIA DI TOR CERVARA;VIA DI TOR CERVARA;;;Scontro frontale/laterale SX fra veicoli in marcia;Incrocio;Due carreggiate;Asciutto;Asfaltata;Verticale ed orizzontale;Sereno;Intenso;Buona;Ore Diurne;0;0;0;3;12,58565;41,93247;-1;1;Autovettura privata;In marcia / fermata / arresto;Conducente;M;Illeso;0;;Non accertato;Inesploso
3526086;5;26/10/2017 08:45;Strada Urbana;VIA TIBURTINA;all'intersezione con;VIA DI TOR CERVARA;VIA DI TOR CERVARA;;;Scontro frontale/laterale SX fra veicoli in marcia;Incrocio;Due carreggiate;Asciutto;Asfaltata;Verticale ed orizzontale;Sereno;Intenso;Buona;Ore Diurne;0;0;0;3;12,58565;41,93247;-1;1;Autovettura privata;In marcia / fermata / arresto;Passeggero;M;Illeso;0;;Non accertato;Inesploso
3526086;5;26/10/2017 08:45;Strada Urbana;VIA TIBURTINA;all'intersezione con;VIA DI TOR CERVARA;VIA DI TOR CERVARA;;;Scontro frontale/laterale SX fra veicoli in marcia;Incrocio;Due carreggiate;Asciutto;Asfaltata;Verticale ed orizzontale;Sereno;Intenso;Buona;Ore Diurne;0;0;0;3;12,58565;41,93247;-1;2;Motociclo a solo;In marcia / fermata / arresto;Conducente;M;Illeso;0;;;
3526088;19;26/10/2017 15:10;Strada Urbana;VIA DELLA PINETA SACCHETTI;da specificare;;;;area interna parcheggio FM3 GEMELLI;Veicolo in marcia contro veicolo in sosta;Rettilineo;Una carreggiata a doppio senso;Asciutto;Asfaltata;Assente;Sereno;Scarso;Buona;Ore Diurne;0;0;0;2;12,42441;41,92313;-1;1;Autovettura privata;In marcia / fermata / arresto;Conducente;M;Illeso;0;;Non accertato;Inesploso
3526088;19;26/10/2017 15:10;Strada Urbana;VIA DELLA PINETA SACCHETTI;da specificare;;;;area interna parcheggio FM3 GEMELLI;Veicolo in marcia contro veicolo in sosta;Rettilineo;Una carreggiata a doppio senso;Asciutto;Asfaltata;Assente;Sereno;Scarso;Buona;Ore Diurne;0;0;0;2;12,42441;41,92313;-1;2;Autovettura privata;In marcia / fermata / arresto;Conducente;M;Illeso;0;;Non accertato;Inesploso
3526090;20;26/10/2017 12:30;Strada Urbana;VIALE ARCICONFRATERNITA DI N. S.RA DI LOURDES;all'intersezione con;VIALE DEI CIPRESSI;VIALE DEI CIPRESSI;;;Scontro frontale/laterale DX fra veicoli in marcia;Intersezione stradale segnalata;Una carreggiata a doppio senso;Asciutto;Asfaltata;Verticale ed orizzontale;Sereno;Scarso;Buona;Ore Diurne;0;0;0;3;12,49637;41,90278;-1;1;Autovettura privata;In marcia / fermata / arresto;Conducente;M;Illeso;0;;Non accertato;Esploso
3526090;20;26/10/2017 12:30;Strada Urbana;VIALE ARCICONFRATERNITA DI N. S.RA DI LOURDES;all'intersezione con;VIALE DEI CIPRESSI;VIALE DEI CIPRESSI;;;Scontro frontale/laterale DX fra veicoli in marcia;Intersezione stradale segnalata;Una carreggiata a doppio senso;Asciutto;Asfaltata;Verticale ed orizzontale;Sereno;Scarso;Buona;Ore Diurne;0;0;0;3;12,49637;41,90278;-1;1;Autovettura privata;In marcia / fermata / arresto;Passeggero;F;Illeso;0;;Non accertato;Esploso
3526090;20;26/10/2017 12:30;Strada Urbana;VIALE ARCICONFRATERNITA DI N. S.RA DI LOURDES;all'intersezione con;VIALE DEI CIPRESSI;VIALE DEI CIPRESSI;;;Scontro frontale/laterale DX fra veicoli in marcia;Intersezione stradale segnalata;Una carreggiata a doppio senso;Asciutto;Asfaltata;Verticale ed orizzontale;Sereno;Scarso;Buona;Ore Diurne;0;0;0;3;12,49637;41,90278;-1;2;Autovettura privata;In marcia / fermata / arresto;Conducente;M;Illeso;0;;Non accertato;Esploso
3526096;11;26/10/2017 13:50;Strada Urbana;VIA CRISTOFORO COLOMBO;in prossimità;;del civico n.;124;;Tamponamento Multiplo;Rettilineo;Più di due carreggiate;Asciutto;Asfaltata;Verticale ed orizzontale;Sereno;Normale;Buona;Ore Diurne;4;0;0;1;12,49634;41,86527;-1;1;Autovettura privata;In marcia / fermata / arresto;Conducente;M;Rifiuta cure immediate;0;NON DECEDUTO;;
3526096;11;26/10/2017 13:50;Strada Urbana;VIA CRISTOFORO COLOMBO;in prossimità;;del civico n.;124;;Tamponamento Multiplo;Rettilineo;Più di due carreggiate;Asciutto;Asfaltata;Verticale ed orizzontale;Sereno;Normale;Buona;Ore Diurne;4;0;0;1;12,49634;41,86527;-1;1;Autovettura privata;In marcia / fermata / arresto;Passeggero;F;Rimandato;0;NON DECEDUTO;;
3526096;11;26/10/2017 13:50;Strada Urbana;VIA CRISTOFORO COLOMBO;in prossimità;;del civico n.;124;;Tamponamento Multiplo;Rettilineo;Più di due carreggiate;Asciutto;Asfaltata;Verticale ed orizzontale;Sereno;Normale;Buona;Ore Diurne;4;0;0;1;12,49634;41,86527;-1;2;Autovettura privata;In marcia / fermata / arresto;Conducente;M;Rimandato;0;NON DECEDUTO;;
3526096;11;26/10/2017 13:50;Strada Urbana;VIA CRISTOFORO COLOMBO;in prossimità;;del civico n.;124;;Tamponamento Multiplo;Rettilineo;Più di due carreggiate;Asciutto;Asfaltata;Verticale ed orizzontale;Sereno;Normale;Buona;Ore Diurne;4;0;0;1;12,49634;41,86527;-1;2;Autovettura privata;In marcia / fermata / arresto;Passeggero;F;Rimandato;0;NON DECEDUTO;;
3526096;11;26/10/2017 13:50;Strada Urbana;VIA CRISTOFORO COLOMBO;in prossimità;;del civico n.;124;;Tamponamento Multiplo;Rettilineo;Più di due carreggiate;Asciutto;Asfaltata;Verticale ed orizzontale;Sereno;Normale;Buona;Ore Diurne;4;0;0;1;12,49634;41,86527;-1;3;Autovettura privata;In marcia / fermata / arresto;Conducente;M;Illeso;0;;;
3526098;20;25/10/2017 16:30;Statale entro l'abitato;VIA CASSIA;in prossimità;;del civico n.;1781;;Tamponamento Multiplo;Rettilineo;Una carreggiata a doppio senso;Asciutto;Asfaltata;Orizzontale;Sereno;;Buona;Ore Diurne;0;0;0;4;12,37802;42,01049;-1;1;Autovettura privata;In marcia / fermata / arresto;Conducente;M;Illeso;0;;Non accertato;Inesploso
3526098;20;25/10/2017 16:30;Statale entro l'abitato;VIA CASSIA;in prossimità;;del civico n.;1781;;Tamponamento Multiplo;Rettilineo;Una carreggiata a doppio senso;Asciutto;Asfaltata;Orizzontale;Sereno;;Buona;Ore Diurne;0;0;0;4;12,37802;42,01049;-1;2;Autovettura privata;In marcia / fermata / arresto;Conducente;M;Illeso;0;;Non accertato;Inesploso
3526098;20;25/10/2017 16:30;Statale entro l'abitato;VIA CASSIA;in prossimità;;del civico n.;1781;;Tamponamento Multiplo;Rettilineo;Una carreggiata a doppio senso;Asciutto;Asfaltata;Orizzontale;Sereno;;Buona;Ore Diurne;0;0;0;4;12,37802;42,01049;-1;2;Autovettura privata;In marcia / fermata / arresto;Passeggero;M;Illeso;0;;Non accertato;Inesploso
3526098;20;25/10/2017 16:30;Statale entro l'abitato;VIA CASSIA;in prossimità;;del civico n.;1781;;Tamponamento Multiplo;Rettilineo;Una carreggiata a doppio senso;Asciutto;Asfaltata;Orizzontale;Sereno;;Buona;Ore Diurne;0;0;0;4;12,37802;42,01049;-1;3;Autovettura privata;In marcia / fermata / arresto;Conducente;M;Illeso;0;;Non accertato;Inesploso
3526103;5;26/10/2017 10:50;Strada Urbana;VIA IGNAZIO PETTINENGO;in prossimità;;del civico n.;13;;Veicolo in marcia contro veicoli in sosta;Rettilineo;Una carreggiata a doppio senso;Asciutto;Asfaltata;Verticale ed orizzontale;Sereno;Normale;Buona;Ore Diurne;0;0;0;1;12,53772;41,90295;-1;1;Autocarro inferiore 35 q.;In marcia / fermata / arresto;Conducente;M;Illeso;0;;Non accertato;Inesploso
3526106;11;26/10/2017 16:30;Strada Urbana;VIA CRISTOFORO COLOMBO;all'intersezione con;VIA DELLE SETTE CHIESE;VIA DELLE SETTE CHIESE;;;Tamponamento;Incrocio;Una carreggiata a senso unico di marcia;Asciutto;Asfaltata;Verticale ed orizzontale;Sereno;Scarso;Buona;Ore Diurne;2;0;0;1;12,49734;41,85976;-1;1;Autovettura privata;In marcia / fermata / arresto;Conducente;M;Illeso;0;;Non accertato;
3526106;11;26/10/2017 16:30;Strada Urbana;VIA CRISTOFORO COLOMBO;all'intersezione con;VIA DELLE SETTE CHIESE;VIA DELLE SETTE CHIESE;;;Tamponamento;Incrocio;Una carreggiata a senso unico di marcia;Asciutto;Asfaltata;Verticale ed orizzontale;Sereno;Scarso;Buona;Ore Diurne;2;0;0;1;12,49734;41,85976;-1;2;Motociclo a solo;In marcia / fermata / arresto;Conducente;M;Rifiuta cure immediate;0;NON DECEDUTO;Non accertato;
3526106;11;26/10/2017 16:30;Strada Urbana;VIA CRISTOFORO COLOMBO;all'intersezione con;VIA DELLE SETTE CHIESE;VIA DELLE SETTE CHIESE;;;Tamponamento;Incrocio;Una carreggiata a senso unico di marcia;Asciutto;Asfaltata;Verticale ed orizzontale;Sereno;Scarso;Buona;Ore Diurne;2;0;0;1;12,49734;41,85976;-1;2;Motociclo a solo;In marcia / fermata / arresto;Passeggero;M;Rifiuta cure immediate;0;NON DECEDUTO;;
3526115;20;27/10/2017 00:15;Strada Urbana;VIA ROCCO SANTOLIQUIDO;in corrispondenza;;del civico n.;f.c.25;;Veicolo in marcia contro veicolo in sosta;Rettilineo;Una carreggiata a doppio senso;Asciutto;Asfaltata;Assente;Sereno;Scarso;Sufficiente;Sufficiente;0;0;0;1;12,40692;41,98724;-1;1;Autovettura privata;In marcia / fermata / arresto;Conducente;M;Illeso;0;;Non accertato;
3526116;15;26/10/2017 17:00;Strada Urbana;VIA DELLA MAGLIANA;all'intersezione con;VIA PESCAGLIA;VIA PESCAGLIA;;;Tamponamento;Incrocio;Una carreggiata a doppio senso;Asciutto;Asfaltata;Orizzontale;Sereno;Intenso;Buona;Ore Diurne;0;0;0;3;12,4243;41,83404;-1;1;Autovettura privata;In marcia / fermata / arresto;Conducente;F;Illeso;0;;;
3526116;15;26/10/2017 17:00;Strada Urbana;VIA DELLA MAGLIANA;all'intersezione con;VIA PESCAGLIA;VIA PESCAGLIA;;;Tamponamento;Incrocio;Una carreggiata a doppio senso;Asciutto;Asfaltata;Orizzontale;Sereno;Intenso;Buona;Ore Diurne;0;0;0;3;12,4243;41,83404;-1;2;Quadriciclo leggero;In marcia / fermata / arresto;Conducente;M;Illeso;0;;;
3526116;15;26/10/2017 17:00;Strada Urbana;VIA DELLA MAGLIANA;all'intersezione con;VIA PESCAGLIA;VIA PESCAGLIA;;;Tamponamento;Incrocio;Una carreggiata a doppio senso;Asciutto;Asfaltata;Orizzontale;Sereno;Intenso;Buona;Ore Diurne;0;0;0;3;12,4243;41,83404;-1;2;Quadriciclo leggero;In marcia / fermata / arresto;Passeggero;M;Illeso;0;;;
3526119;1;27/10/2017 04:50;Strada Urbana;LARGO DELLE VITTIME DEL TERRORISMO;da specificare;;;;prossimità PIAZZA DI PORTA CAPENA;Scontro laterale fra veicoli in marcia;Rettilineo;Due carreggiate;Asciutto;Asfaltata;Verticale ed orizzontale;Sereno;Normale;Buona;Sufficiente;0;0;0;2;12,48954;41,88379;-1;1;Autovettura pubblica;In marcia / fermata / arresto;Conducente;F;Illeso;0;;Non accertato;Inesploso
3526119;1;27/10/2017 04:50;Strada Urbana;LARGO DELLE VITTIME DEL TERRORISMO;da specificare;;;;prossimità PIAZZA DI PORTA CAPENA;Scontro laterale fra veicoli in marcia;Rettilineo;Due carreggiate;Asciutto;Asfaltata;Verticale ed orizzontale;Sereno;Normale;Buona;Sufficiente;0;0;0;2;12,48954;41,88379;-1;2;Autovettura privata;In marcia / fermata / arresto;Conducente;F;Illeso;0;;Non accertato;Inesploso
3526130;20;26/10/2017 10:50;Strada Urbana;VIA DEL FORO ITALICO;da specificare;;;;uscita Galleria pross.tà Via Monti della Farnesina;Ribaltamento senza urto contro ostacolo fisso;Rettilineo;Una carreggiata a senso unico di marcia;Asciutto;Asfaltata;Verticale ed orizzontale;Sereno;Normale;Buona;Ore Diurne;1;0;0;0;12,46307;41,94048;-1;1;Motociclo a solo;In marcia / fermata / arresto;Conducente;M;Rimandato;0;NON DECEDUTO;;
3526134;8;26/10/2017 17:00;Strada Urbana;VIA DI TOR BELLA MONACA;da specificare;;;;(complanare) 200 m dopo la rotat. di Via Anderloni;Veicolo in marcia contro ostacolo accidentale;Rettilineo;Una carreggiata a senso unico di marcia;Asciutto;Asfaltata;Assente;Sereno;Scarso;Sufficiente;Sufficiente;0;0;0;1;12,62375;41,87848;-1;1;Autovettura privata;In marcia / fermata / arresto;Conducente;M;Illeso;0;;Non accertato;Inesploso
3526135;8;26/10/2017 08:30;Strada Urbana;VIA CASILINA;da specificare;;;;altezza Via Silicella;Scontro laterale fra veicoli in marcia;Rettilineo;Una carreggiata a doppio senso;Asciutto;Asfaltata;Verticale ed orizzontale;Sereno;Intenso;Buona;Ore Diurne;0;0;0;3;12,59692;41,86681;-1;1;Autovettura privata;In marcia / fermata / arresto;Conducente;M;Illeso;0;;Non accertato;Inesploso
3526135;8;26/10/2017 08:30;Strada Urbana;VIA CASILINA;da specificare;;;;altezza Via Silicella;Scontro laterale fra veicoli in marcia;Rettilineo;Una carreggiata a doppio senso;Asciutto;Asfaltata;Verticale ed orizzontale;Sereno;Intenso;Buona;Ore Diurne;0;0;0;3;12,59692;41,86681;-1;1;Autovettura privata;In marcia / fermata / arresto;Passeggero;F;Illeso;0;;Non accertato;Inesploso
3526135;8;26/10/2017 08:30;Strada Urbana;VIA CASILINA;da specificare;;;;altezza Via Silicella;Scontro laterale fra veicoli in marcia;Rettilineo;Una carreggiata a doppio senso;Asciutto;Asfaltata;Verticale ed orizzontale;Sereno;Intenso;Buona;Ore Diurne;0;0;0;3;12,59692;41,86681;-1;2;Autocarro inferiore 35 q.;In marcia / fermata / arresto;Conducente;M;Illeso;0;;Esente;Inesploso
3526139;8;26/10/2017 11:40;Provinciale entro l'abitato;VIA PRENESTINA;da specificare;;;;ca 150 m prima del semaforo con Via Rocca Cencia;Tamponamento;Rettilineo;Una carreggiata a doppio senso;Asciutto;Asfaltata;Assente;Sereno;Normale;Buona;Ore Diurne;1;0;0;2;12,69524;41,88851;-1;1;Autovettura privata;In marcia / fermata / arresto;Conducente;F;Illeso;0;;Non accertato;
3526139;8;26/10/2017 11:40;Provinciale entro l'abitato;VIA PRENESTINA;da specificare;;;;ca 150 m prima del semaforo con Via Rocca Cencia;Tamponamento;Rettilineo;Una carreggiata a doppio senso;Asciutto;Asfaltata;Assente;Sereno;Normale;Buona;Ore Diurne;1;0;0;2;12,69524;41,88851;-1;1;Autovettura privata;In marcia / fermata / arresto;Passeggero;F;Rifiuta cure immediate;0;NON DECEDUTO;;