Protocollo;Gruppo;DataOraIncidente;Localizzazione1;STRADA1;Localizzazione2;STRADA2;Strada02;Chilometrica;DaSpecificare;NaturaIncidente;particolaritastrade;TipoStrada;FondoStradale;Pavimentazione;Segnaletica;CondizioneAtmosferica;Traffico;Visibilita;Illuminazione;NUM_FERITI;NUM_RISERVATA;NUM_MORTI;NUM_ILLESI;Longitudine;Latitudine;Confermato;Progressivo;TipoVeicolo;StatoVeicolo;TipoPersona;Sesso;Tipolesione;Deceduto;DecedutoDopo;CinturaCascoUtilizzato;Airbag
3526139;8;26/10/2017 11:40;Provinciale entro l'abitato;VIA PRENESTINA;da specificare;;;;ca 150 m prima del semaforo con Via Rocca Cencia;Tamponamento;Rettilineo;Una carreggiata a doppio senso;Asciutto;Asfaltata;Assente;Sereno;Normale;Buona;Ore Diurne;1;0;0;2;12,69524;41,88851;-1;2;Autovettura privata;In marcia / fermata / arresto;Conducente;M;Illeso;0;;;
3526141;8;26/10/2017 14:40;Strada Urbana;VIA CRISTOFANO ROBETTA;all'intersezione con;VIA ALFONSO ALBERGHETTI;VIA ALFONSO ALBERGHETTI;;;Scontro frontale/laterale SX fra veicoli in marcia;Intersezione stradale segnalata;Una carreggiata a senso unico di marcia;Asciutto;Asfaltata;Verticale;Sereno;Normale;Buona;Ore Diurne;1;0;0;2;12,62594;41,86596;-1;1;Autovettura privata;In marcia / fermata / arresto;Conducente;M;Illeso;0;;Non accertato;Inesploso
3526141;8;26/10/2017 14:40;Strada Urbana;VIA CRISTOFANO ROBETTA;all'intersezione con;VIA ALFONSO ALBERGHETTI;VIA ALFONSO ALBERGHETTI;;;Scontro frontale/laterale SX fra veicoli in marcia;Intersezione stradale segnalata;Una carreggiata a senso unico di marcia;Asciutto;Asfaltata;Verticale;Sereno;Normale;Buona;Ore Diurne;1;0;0;2;12,62594;41,86596;-1;1;Autovettura privata;In marcia / fermata / arresto;Passeggero;F;Rifiuta cure immediate;0;NON DECEDUTO;Non accertato;Inesploso
3526141;8;26/10/2017 14:40;Strada Urbana;VIA CRISTOFANO ROBETTA;all'intersezione con;VIA ALFONSO ALBERGHETTI;VIA ALFONSO ALBERGHETTI;;;Scontro frontale/laterale SX fra veicoli in marcia;Intersezione stradale segnalata;Una carreggiata a senso unico di marcia;Asciutto;Asfaltata;Verticale;Sereno;Normale;Buona;Ore Diurne;1;0;0;2;12,62594;41,86596;-1;2;Autovettura privata;In marcia / fermata / arresto;Conducente;M;Illeso;0;;Non accertato;Inesploso
3526144;8;26/10/2017 08:50;Strada Urbana;VIA GIOVANNI ARTUSI;all'intersezione con;VIA PIETRO SANTO BARTOLI;VIA PIETRO SANTO BARTOLI;;;Investimento di pedone;Incrocio;Una carreggiata a doppio senso;Asciutto;Asfaltata;Verticale ed orizzontale;Sereno;Normale;Buona;Ore Diurne;1;0;0;2;12,6195;41,86862;-1;;;;Pedone;M;Rimandato;0;NON DECEDUTO;;
3526144;8;26/10/2017 08:50;Strada Urbana;VIA GIOVANNI ARTUSI;all'intersezione con;VIA PIETRO SANTO BARTOLI;VIA PIETRO SANTO BARTOLI;;;Investimento di pedone;Incrocio;Una carreggiata a doppio senso;Asciutto;Asfaltata;Verticale ed orizzontale;Sereno;Normale;Buona;Ore Diurne;1;0;0;2;12,6195;41,86862;-1;1;Autovettura privata;In marcia / fermata / arresto;Conducente;M;Illeso;0;;;
3526144;8;26/10/2017 08:50;Strada Urbana;VIA GIOVANNI ARTUSI;all'intersezione con;VIA PIETRO SANTO BARTOLI;VIA PIETRO SANTO BARTOLI;;;Investimento di pedone;Incrocio;Una carreggiata a doppio senso;Asciutto;Asfaltata;Verticale ed orizzontale;Sereno;Normale;Buona;Ore Diurne;1;0;0;2;12,6195;41,86862;-1;1;Autovettura privata;In marcia / fermata / arresto;Passeggero;F;Illeso;0;;Non accertato;Inesploso
3526145;17;25/10/2017 22:15;Strada Urbana;VIA DI BOCCEA;all'intersezione con;VIA GREGORIO XI;VIA GREGORIO XI;;;Ribaltamento senza urto contro ostacolo fisso;Incrocio;Una carreggiata a doppio senso;Asciutto;Asfaltata;Verticale ed orizzontale;Sereno;Normale;Buona;Sufficiente;1;0;0;0;12,42176;41,90315;-1;1;Motociclo a solo;In marcia / fermata / arresto;Conducente;M;Rimandato;0;NON DECEDUTO;Utilizzato;
3526146;10;27/10/2017 07:50;Strada Urbana;VIA SCRIBONIO CURIONE;all'intersezione con;VIA LIVILLA;VIA LIVILLA;;;Scontro frontale/laterale SX fra veicoli in marcia;Incrocio;Due carreggiate;Asciutto;Asfaltata;Verticale ed orizzontale;Sereno;Normale;Buona;Ore Diurne;1;0;0;2;12,55334;41,86292;-1;1;Autovettura privata;In marcia / fermata / arresto;Conducente;M;Illeso;0;;Non accertato;Inesploso
3526146;10;27/10/2017 07:50;Strada Urbana;VIA SCRIBONIO CURIONE;all'intersezione con;VIA LIVILLA;VIA LIVILLA;;;Scontro frontale/laterale SX fra veicoli in marcia;Incrocio;Due carreggiate;Asciutto;Asfaltata;Verticale ed orizzontale;Sereno;Normale;Buona;Ore Diurne;1;0;0;2;12,55334;41,86292;-1;2;Motociclo a solo;In marcia / fermata / arresto;Conducente;M;Rimandato;0;NON DECEDUTO;Non accertato;
3526146;10;27/10/2017 07:50;Strada Urbana;VIA SCRIBONIO CURIONE;all'intersezione con;VIA LIVILLA;VIA LIVILLA;;;Scontro frontale/laterale SX fra veicoli in marcia;Incrocio;Due carreggiate;Asciutto;Asfaltata;Verticale ed orizzontale;Sereno;Normale;Buona;Ore Diurne;1;0;0;2;12,55334;41,86292;-1;3;Motociclo a solo;In marcia / fermata / arresto;Conducente;M;Illeso;0;;Non accertato;
3526149;8;27/10/2017 00:15;Strada Urbana;VIA CASILINA;in prossimità;;del civico n.;1595;;Scontro laterale fra veicoli in marcia;Rettilineo;Due carreggiate;Asciutto;Asfaltata;Verticale ed orizzontale;Sereno;Normale;Buona;Sufficiente;1;0;0;3;12,63592;41,86385;-1;1;Autovettura privata;In marcia / fermata / arresto;Conducente;M;Illeso;0;;Non accertato;Esploso
3526149;8;27/10/2017 00:15;Strada Urbana;VIA CASILINA;in prossimità;;del civico n.;1595;;Scontro laterale fra veicoli in marcia;Rettilineo;Due carreggiate;Asciutto;Asfaltata;Verticale ed orizzontale;Sereno;Normale;Buona;Sufficiente;1;0;0;3;12,63592;41,86385;-1;1;Autovettura privata;In marcia / fermata / arresto;Passeggero;M;Illeso;0;;Non accertato;Inesploso
3526149;8;27/10/2017 00:15;Strada Urbana;VIA CASILINA;in prossimità;;del civico n.;1595;;Scontro laterale fra veicoli in marcia;Rettilineo;Due carreggiate;Asciutto;Asfaltata;Verticale ed orizzontale;Sereno;Normale;Buona;Sufficiente;1;0;0;3;12,63592;41,86385;-1;2;Autovettura privata;In marcia / fermata / arresto;Conducente;F;Rifiuta cure immediate;0;NON DECEDUTO;Non accertato;Inesploso
3526153;8;26/10/2017 16:40;Provinciale entro l'abitato;VIA PRENESTINA;in corrispondenza;;del civico n.;1227;;Scontro laterale fra veicoli in marcia;Rettilineo;Una carreggiata a doppio senso;Asciutto;Asfaltata;Verticale ed orizzontale;Sereno;Intenso;Buona;Ore Diurne;1;0;0;1;12,63169;41,89275;-1;1;Autovettura privata;In marcia / fermata / arresto;Conducente;M;Illeso;0;;Non accertato;Inesploso
3526153;8;26/10/2017 16:40;Provinciale entro l'abitato;VIA PRENESTINA;in corrispondenza;;del civico n.;1227;;Scontro laterale fra veicoli in marcia;Rettilineo;Una carreggiata a doppio senso;Asciutto;Asfaltata;Verticale ed orizzontale;Sereno;Intenso;Buona;Ore Diurne;1;0;0;1;12,63169;41,89275;-1;2;Motociclo a solo;In marcia / fermata / arresto;Conducente;F;Rimandato;0;NON DECEDUTO;;
3526160;11;26/10/2017 20:50;Strada Urbana;VIA MARIO MUSCO;all'intersezione con;VIA ARISTIDE LEONORI;VIA ARISTIDE LEONORI;;;Scontro frontale/laterale DX fra veicoli in marcia;Intersezione stradale segnalata;Una carreggiata a senso unico di marcia;Asciutto;Asfaltata;Verticale ed orizzontale;Sereno;Normale;Sufficiente;Sufficiente;1;0;0;1;12,48807;41,84927;-1;1;Autovettura privata;In marcia / fermata / arresto;Conducente;F;Illeso;0;;;
3526160;11;26/10/2017 20:50;Strada Urbana;VIA MARIO MUSCO;all'intersezione con;VIA ARISTIDE LEONORI;VIA ARISTIDE LEONORI;;;Scontro frontale/laterale DX fra veicoli in marcia;Intersezione stradale segnalata;Una carreggiata a senso unico di marcia;Asciutto;Asfaltata;Verticale ed orizzontale;Sereno;Normale;Sufficiente;Sufficiente;1;0;0;1;12,48807;41,84927;-1;2;Motociclo a solo;In marcia / fermata / arresto;Conducente;F;Rimandato;0;NON DECEDUTO;;
3526164;20;26/10/2017 12:30;Strada Urbana;CORSO DI FRANCIA;in prossimità;;del civico n.;202;;Tamponamento;Rettilineo;Due carreggiate;Asciutto;Asfaltata;Verticale ed orizzontale;Sereno;Normale;Sufficiente;Ore Diurne;0;0;0;3;12,4695;41,94447;-1;1;Autovettura privata;In marcia / fermata / arresto;Conducente;M;Illeso;0;;;
3526164;20;26/10/2017 12:30;Strada Urbana;CORSO DI FRANCIA;in prossimità;;del civico n.;202;;Tamponamento;Rettilineo;Due carreggiate;Asciutto;Asfaltata;Verticale ed orizzontale;Sereno;Normale;Sufficiente;Ore Diurne;0;0;0;3;12,4695;41,94447;-1;1;Autovettura privata;In marcia / fermata / arresto;Passeggero;M;Illeso;0;;;
3526164;20;26/10/2017 12:30;Strada Urbana;CORSO DI FRANCIA;in prossimità;;del civico n.;202;;Tamponamento;Rettilineo;Due carreggiate;Asciutto;Asfaltata;Verticale ed orizzontale;Sereno;Normale;Sufficiente;Ore Diurne;0;0;0;3;12,4695;41,94447;-1;2;Autovettura privata;In marcia / fermata / arresto;Conducente;M;Illeso;0;;;
3526172;11;27/10/2017 03:45;Strada Urbana;VIA CRISTOFORO COLOMBO;all'intersezione semaforizzata con;VIA GIOVANNI GENOCCHI;VIA GIOVANNI GENOCCHI;;;Scontro frontale/laterale SX fra veicoli in marcia;Intersezione semaforizzata;Più di due carreggiate;Asciutto;Asfaltata;Verticale ed orizzontale;Sereno;Scarso;Buona;Sufficiente;0;0;0;3;12,49644;41,85856;-1;1;Autovettura privata;In marcia / fermata / arresto;Conducente;M;Illeso;0;;Non accertato;
3526172;11;27/10/2017 03:45;Strada Urbana;VIA CRISTOFORO COLOMBO;all'intersezione semaforizzata con;VIA GIOVANNI GENOCCHI;VIA GIOVANNI GENOCCHI;;;Scontro frontale/laterale SX fra veicoli in marcia;Intersezione semaforizzata;Più di due carreggiate;Asciutto;Asfaltata;Verticale ed orizzontale;Sereno;Scarso;Buona;Sufficiente;0;0;0;3;12,49644;41,85856;-1;1;Autovettura privata;In marcia / fermata / arresto;Passeggero;F;Illeso;0;;Non accertato;
3526172;11;27/10/2017 03:45;Strada Urbana;VIA CRISTOFORO COLOMBO;all'intersezione semaforizzata con;VIA GIOVANNI GENOCCHI;VIA GIOVANNI GENOCCHI;;;Scontro frontale/laterale SX fra veicoli in marcia;Intersezione semaforizzata;Più di due carreggiate;Asciutto;Asfaltata;Verticale ed orizzontale;Sereno;Scarso;Buona;Sufficiente;0;0;0;3;12,49644;41,85856;-1;2;Autocarro inferiore 35 q.;In marcia / fermata / arresto;Conducente;M;Illeso;0;;Non accertato;
3526182;7;26/10/2017 16:30;Strada Urbana;VIA MURACCIO DI RISCHIARO;in corrispondenza;;del civico n.;32;;Veicolo in marcia contro veicolo in sosta;Rettilineo;Una carreggiata a doppio senso;Asciutto;Asfaltata;Assente;Sereno;Scarso;Buona;Ore Diurne;0;0;0;1;12,60615;41,89121;-1;2;Autovettura privata;In marcia / fermata / arresto;Conducente;M;Illeso;0;;;
3526204;9;27/10/2017 07:30;Strada Urbana;VIA APPIA NUOVA;da specificare;;;;prox palo acea 735;Scontro laterale fra veicoli in marcia;Rettilineo;Una carreggiata a senso unico di marcia;Asciutto;Asfaltata;Orizzontale;Sereno;Normale;Buona;Ore Diurne;0;0;0;2;12,5454;41,85327;-1;1;Autovettura privata;In marcia / fermata / arresto;Conducente;M;Illeso;0;;;
3526204;9;27/10/2017 07:30;Strada Urbana;VIA APPIA NUOVA;da specificare;;;;prox palo acea 735;Scontro laterale fra veicoli in marcia;Rettilineo;Una carreggiata a senso unico di marcia;Asciutto;Asfaltata;Orizzontale;Sereno;Normale;Buona;Ore Diurne;0;0;0;2;12,5454;41,85327;-1;2;Ciclomotore;In marcia / fermata / arresto;Conducente;M;Illeso;0;;;
3526223;12;11/10/2017 10:00;Strada Urbana;VIA ASCANIO VITOZZI;all'intersezione con;VIA ERNESTO BASILE;VIA ERNESTO BASILE;;;Investimento di pedone;Intersezione semaforizzata;Due carreggiate;Asciutto;Asfaltata;Verticale ed orizzontale;Sereno;Normale;Buona;Sufficiente;1;0;0;1;12,43152;41,78619;-1;;;;Pedone;F;Rimandato;0;NON DECEDUTO;;
3526223;12;11/10/2017 10:00;Strada Urbana;VIA ASCANIO VITOZZI;all'intersezione con;VIA ERNESTO BASILE;VIA ERNESTO BASILE;;;Investimento di pedone;Intersezione semaforizzata;Due carreggiate;Asciutto;Asfaltata;Verticale ed orizzontale;Sereno;Normale;Buona;Sufficiente;1;0;0;1;12,43152;41,78619;-1;1;Autovettura privata;In marcia / fermata / arresto;Conducente;M;Illeso;0;;Utilizzato;Inesploso
3526228;16;26/10/2017 09:20;Strada Urbana;VIA AURELIA ANTICA;da specificare;;;;in prossimità PALO ACEA 139;Tamponamento;Rettilineo;Una carreggiata a doppio senso;Asciutto;Asfaltata;Assente;Sereno;Normale;Buona;Ore Diurne;1;0;0;1;12,4346;41,89016;-1;1;Autovettura privata;In marcia / fermata / arresto;Conducente;M;Illeso;0;;Non accertato;Inesploso
3526228;16;26/10/2017 09:20;Strada Urbana;VIA AURELIA ANTICA;da specificare;;;;in prossimità PALO ACEA 139;Tamponamento;Rettilineo;Una carreggiata a doppio senso;Asciutto;Asfaltata;Assente;Sereno;Normale;Buona;Ore Diurne;1;0;0;1;12,4346;41,89016;-1;2;Motociclo a solo;In marcia / fermata / arresto;Conducente;M;Rimandato;0;NON DECEDUTO;Non accertato;
3526245;4;26/10/2017 11:30;Strada Urbana;VIA CARLO LORENZINI;in corrispondenza;;del civico n.;39;;Veicolo in marcia contro veicolo fermo;Rettilineo;Una carreggiata a doppio senso;Asciutto;Asfaltata;Assente;Sereno;Scarso;Buona;Ore Diurne;0;0;0;2;12,55583;41,94483;-1;1;Autocarro inferiore 35 q.;In marcia / fermata / arresto;Conducente;M;Illeso;0;;Non accertato;
3526245;4;26/10/2017 11:30;Strada Urbana;VIA CARLO LORENZINI;in corrispondenza;;del civico n.;39;;Veicolo in marcia contro veicolo fermo;Rettilineo;Una carreggiata a doppio senso;Asciutto;Asfaltata;Assente;Sereno;Scarso;Buona;Ore Diurne;0;0;0;2;12,55583;41,94483;-1;2;Autovettura privata;In marcia / fermata / arresto;Conducente;M;Illeso;0;;Non accertato;
3526250;7;26/10/2017 16:40;Strada Urbana;VIA SALVIATI;all'intersezione con;VIA DI TOR CERVARA;VIA DI TOR CERVARA;;;Veicolo in marcia contro ostacolo accidentale;Incrocio;Una carreggiata a doppio senso;Asciutto;Asfaltata;Verticale ed orizzontale;Sereno;Normale;Buona;Ore Diurne;1;0;0;0;12,58878;41,90772;-1;1;Motociclo a solo;In marcia / fermata / arresto;Conducente;M;Rimandato;0;NON DECEDUTO;Non accertato;
3526269;4;26/10/2017 10:10;Statale;VIA SALARIA;in prossimità;;della chilometrica;16.9;;Fuoriuscita dalla sede stradale;Rettilineo;Una carreggiata a doppio senso;Asciutto;Asfaltata;Verticale ed orizzontale;Sereno;Normale;Buona;Ore Diurne;1;0;0;0;12,51783;41,98705;-1;1;Autovettura privata;In marcia / fermata / arresto;Conducente;F;Ricoverato;0;NON DECEDUTO;Non accertato;
3526272;4;26/10/2017 14:55;Strada Urbana;VIA VALLE DI CORIO;all'intersezione con;VIA VAL SENIO;VIA VAL SENIO;;;Scontro laterale fra veicoli in marcia;Intersezione stradale segnalata;Una carreggiata a senso unico di marcia;Asciutto;Asfaltata;Verticale;Sereno;Normale;Buona;Ore Diurne;0;0;0;2;12,52727;41,94019;-1;1;Autovettura privata;In marcia / fermata / arresto;Conducente;F;Illeso;0;;Non accertato;
3526272;4;26/10/2017 14:55;Strada Urbana;VIA VALLE DI CORIO;all'intersezione con;VIA VAL SENIO;VIA VAL SENIO;;;Scontro laterale fra veicoli in marcia;Intersezione stradale segnalata;Una carreggiata a senso unico di marcia;Asciutto;Asfaltata;Verticale;Sereno;Normale;Buona;Ore Diurne;0;0;0;2;12,52727;41,94019;-1;2;Autovettura privata;In marcia / fermata / arresto;Conducente;M;Illeso;0;;Non accertato;
3526273;4;26/10/2017 20:45;Strada Urbana;VIA MONTE RUGGERO;all'intersezione con;VIA MONTE CARDONETO;VIA MONTE CARDONETO;;;Scontro laterale fra veicoli in marcia;Incrocio;Una carreggiata a doppio senso;Asciutto;Asfaltata;Verticale ed orizzontale;Sereno;Scarso;Sufficiente;Sufficiente;0;0;0;2;12,53132;41,94773;-1;1;Autovettura privata;In marcia / fermata / arresto;Conducente;M;Illeso;0;;;
3526273;4;26/10/2017 20:45;Strada Urbana;VIA MONTE RUGGERO;all'intersezione con;VIA MONTE CARDONETO;VIA MONTE CARDONETO;;;Scontro laterale fra veicoli in marcia;Incrocio;Una carreggiata a doppio senso;Asciutto;Asfaltata;Verticale ed orizzontale;Sereno;Scarso;Sufficiente;Sufficiente;0;0;0;2;12,53132;41,94773;-1;2;Autovettura privata;In marcia / fermata / arresto;Conducente;M;Illeso;0;;;
3526274;1;26/10/2017 15:30;Strada Urbana;VIA FERDINANDO DI SAVOIA;all'intersezione con;VIA PRINCIPESSA CLOTILDE;VIA PRINCIPESSA CLOTILDE;;;Scontro frontale/laterale SX fra veicoli in marcia;Incrocio;Una carreggiata a senso unico di marcia;Asciutto;In cubetti di porfido;Verticale ed orizzontale;Sereno;Normale;Buona;Ore Diurne;1;0;0;0;12,47499;41,91039;-1;1;Motociclo a solo;In marcia / fermata / arresto;Conducente;M;Rifiuta cure immediate;0;NON DECEDUTO;Non accertato;
3526275;4;25/10/2017 22:40;Strada Urbana;VIA MONTASIO;in prossimità;;del civico n.;45;;Veicolo in marcia contro veicolo in sosta;Rettilineo;Una carreggiata a doppio senso;Asciutto;Asfaltata;Verticale ed orizzontale;Sereno;Normale;Sufficiente;Sufficiente;0;0;0;1;12,53896;41,93927;-1;2;Autovettura privata;In marcia / fermata / arresto;Conducente;M;Illeso;0;;;
3526284;4;26/10/2017 18:00;Strada Urbana;VIA VAGLIA;in prossimità;;del civico n.;48;;Tamponamento;Rettilineo;Una carreggiata a doppio senso;Asciutto;Asfaltata;Verticale ed orizzontale;Sereno;Normale;Sufficiente;Sufficiente;0;0;0;2;12,51559;41,95111;-1;1;Autovettura privata;In marcia / fermata / arresto;Conducente;F;Illeso;0;;Non accertato;
3526284;4;26/10/2017 18:00;Strada Urbana;VIA VAGLIA;in prossimità;;del civico n.;48;;Tamponamento;Rettilineo;Una carreggiata a doppio senso;Asciutto;Asfaltata;Verticale ed orizzontale;Sereno;Normale;Sufficiente;Sufficiente;0;0;0;2;12,51559;41,95111;-1;2;Autovettura privata;In marcia / fermata / arresto;Conducente;M;Illeso;0;;Non accertato;
3526299;17;25/10/2017 13:45;Strada Urbana;LUNGOTEVERE PRATI;in corrispondenza;;del civico n.;6;;Scontro laterale fra veicoli in marcia;Rettilineo;Una carreggiata a senso unico di marcia;Asciutto;Asfaltata;Verticale ed orizzontale;Sereno;Intenso;Buona;Ore Diurne;0;0;0;5;12,47229;41,90394;-1;1;Autovettura pubblica;In marcia / fermata / arresto;Conducente;M;Illeso;0;;Utilizzato;
3526299;17;25/10/2017 13:45;Strada Urbana;LUNGOTEVERE PRATI;in corrispondenza;;del civico n.;6;;Scontro laterale fra veicoli in marcia;Rettilineo;Una carreggiata a senso unico di marcia;Asciutto;Asfaltata;Verticale ed orizzontale;Sereno;Intenso;Buona;Ore Diurne;0;0;0;5;12,47229;41,90394;-1;2;Autovettura privata;In marcia / fermata / arresto;Conducente;M;Illeso;0;;Utilizzato;
3526299;17;25/10/2017 13:45;Strada Urbana;LUNGOTEVERE PRATI;in corrispondenza;;del civico n.;6;;Scontro laterale fra veicoli in marcia;Rettilineo;Una carreggiata a senso unico di marcia;Asciutto;Asfaltata;Verticale ed orizzontale;Sereno;Intenso;Buona;Ore Diurne;0;0;0;5;12,47229;41,90394;-1;2;Autovettura privata;In marcia / fermata / arresto;Passeggero;F;Illeso;0;;Utilizzato;
3526299;17;25/10/2017 13:45;Strada Urbana;LUNGOTEVERE PRATI;in corrispondenza;;del civico n.;6;;Scontro laterale fra veicoli in marcia;Rettilineo;Una carreggiata a senso unico di marcia;Asciutto;Asfaltata;Verticale ed orizzontale;Sereno;Intenso;Buona;Ore Diurne;0;0;0;5;12,47229;41,90394;-1;2;Autovettura privata;In marcia / fermata / arresto;Passeggero;F;Illeso;0;;;
3526299;17;25/10/2017 13:45;Strada Urbana;LUNGOTEVERE PRATI;in corrispondenza;;del civico n.;6;;Scontro laterale fra veicoli in marcia;Rettilineo;Una carreggiata a senso unico di marcia;Asciutto;Asfaltata;Verticale ed orizzontale;Sereno;Intenso;Buona;Ore Diurne;0;0;0;5;12,47229;41,90394;-1;2;Autovettura privata;In marcia / fermata / arresto;Passeggero;M;Illeso;0;;;
3526305;12;26/10/2017 15:20;Strada Urbana;VIA CRISTOFORO COLOMBO;da specificare;;;;dir.ne Roma centro prossimità v.le Europa;Scontro frontale/laterale SX fra veicoli in marcia;Rettilineo;Due carreggiate;Asciutto;Asfaltata;Verticale ed orizzontale;Sereno;Normale;Buona;Ore Diurne;0;0;0;6;12,41155;41,78584;-1;1;Autovettura privata;In marcia / fermata / arresto;Conducente;M;Illeso;0;;Utilizzato;Inesploso
3526305;12;26/10/2017 15:20;Strada Urbana;VIA CRISTOFORO COLOMBO;da specificare;;;;dir.ne Roma centro prossimità v.le Europa;Scontro frontale/laterale SX fra veicoli in marcia;Rettilineo;Due carreggiate;Asciutto;Asfaltata;Verticale ed orizzontale;Sereno;Normale;Buona;Ore Diurne;0;0;0;6;12,41155;41,78584;-1;2;Autovettura privata;In marcia / fermata / arresto;Conducente;M;Illeso;0;;Utilizzato;Inesploso
3526305;12;26/10/2017 15:20;Strada Urbana;VIA CRISTOFORO COLOMBO;da specificare;;;;dir.ne Roma centro prossimità v.le Europa;Scontro frontale/laterale SX fra veicoli in marcia;Rettilineo;Due carreggiate;Asciutto;Asfaltata;Verticale ed orizzontale;Sereno;Normale;Buona;Ore Diurne;0;0;0;6;12,41155;41,78584;-1;2;Autovettura privata;In marcia / fermata / arresto;Passeggero;F;Illeso;0;;Utilizzato;Inesploso
3526305;12;26/10/2017 15:20;Strada Urbana;VIA CRISTOFORO COLOMBO;da specificare;;;;dir.ne Roma centro prossimità v.le Europa;Scontro frontale/laterale SX fra veicoli in marcia;Rettilineo;Due carreggiate;Asciutto;Asfaltata;Verticale ed orizzontale;Sereno;Normale;Buona;Ore Diurne;0;0;0;6;12,41155;41,78584;-1;3;Autovettura privata;In marcia / fermata / arresto;Conducente;F;Illeso;0;;Utilizzato;Inesploso
3526305;12;26/10/2017 15:20;Strada Urbana;VIA CRISTOFORO COLOMBO;da specificare;;;;dir.ne Roma centro prossimità v.le Europa;Scontro frontale/laterale SX fra veicoli in marcia;Rettilineo;Due carreggiate;Asciutto;Asfaltata;Verticale ed orizzontale;Sereno;Normale;Buona;Ore Diurne;0;0;0;6;12,41155;41,78584;-1;4;Autovettura privata;In marcia / fermata / arresto;Conducente;M;Illeso;0;;Utilizzato;Inesploso
3526305;12;26/10/2017 15:20;Strada Urbana;VIA CRISTOFORO COLOMBO;da specificare;;;;dir.ne Roma centro prossimità v.le Europa;Scontro frontale/laterale SX fra veicoli in marcia;Rettilineo;Due carreggiate;Asciutto;Asfaltata;Verticale ed orizzontale;Sereno;Normale;Buona;Ore Diurne;0;0;0;6;12,41155;41,78584;-1;4;Autovettura privata;In marcia / fermata / arresto;Passeggero;M;Illeso;0;;Utilizzato;Inesploso
3526321;9;27/10/2017 08:50;Strada Urbana;VIA CARROCETO;all'intersezione con;VIA PASSO CORESE;VIA PASSO CORESE;;;Scontro frontale/laterale SX fra veicoli in marcia;Incrocio;Una carreggiata a senso unico di marcia;Asciutto;Asfaltata;Verticale ed orizzontale;Sereno;Normale;Buona;Ore Diurne;2;0;0;2;12,5376;41,86655;-1;1;Autovettura privata;In marcia / fermata / arresto;Conducente;M;Illeso;0;;Non accertato;Inesploso
3526321;9;27/10/2017 08:50;Strada Urbana;VIA CARROCETO;all'intersezione con;VIA PASSO CORESE;VIA PASSO CORESE;;;Scontro frontale/laterale SX fra veicoli in marcia;Incrocio;Una carreggiata a senso unico di marcia;Asciutto;Asfaltata;Verticale ed orizzontale;Sereno;Normale;Buona;Ore Diurne;2;0;0;2;12,5376;41,86655;-1;1;Autovettura privata;In marcia / fermata / arresto;Passeggero;F;Rimandato;0;NON DECEDUTO;Non accertato;Inesploso
3526321;9;27/10/2017 08:50;Strada Urbana;VIA CARROCETO;all'intersezione con;VIA PASSO CORESE;VIA PASSO CORESE;;;Scontro frontale/laterale SX fra veicoli in marcia;Incrocio;Una carreggiata a senso unico di marcia;Asciutto;Asfaltata;Verticale ed orizzontale;Sereno;Normale;Buona;Ore Diurne;2;0;0;2;12,5376;41,86655;-1;1;Autovettura privata;In marcia / fermata / arresto;Passeggero;F;Illeso;0;;Non accertato;Inesploso
3526321;9;27/10/2017 08:50;Strada Urbana;VIA CARROCETO;all'intersezione con;VIA PASSO CORESE;VIA PASSO CORESE;;;Scontro frontale/laterale SX fra veicoli in marcia;Incrocio;Una carreggiata a senso unico di marcia;Asciutto;Asfaltata;Verticale ed orizzontale;Sereno;Normale;Buona;Ore Diurne;2;0;0;2;12,5376;41,86655;-1;2;Autovettura privata;In marcia / fermata / arresto;Conducente;M;Rimandato;0;NON DECEDUTO;Non accertato;Inesploso
3526333;4;26/10/2017 12:00;Strada Urbana;VIA DELLE VALLI;all'intersezione semaforizzata con;PIAZZA CONCA D'ORO;PIAZZA CONCA D'ORO;;;Tamponamento Multiplo;Intersezione semaforizzata;Due carreggiate;Asciutto;Asfaltata;Verticale ed orizzontale;Sereno;Normale;Buona;Ore Diurne;0;0;0;3;12,52714;41,93873;-1;1;Autovettura privata;In marcia / fermata / arresto;Conducente;M;Illeso;0;;Non accertato;Inesploso
3526333;4;26/10/2017 12:00;Strada Urbana;VIA DELLE VALLI;all'intersezione semaforizzata con;PIAZZA CONCA D'ORO;PIAZZA CONCA D'ORO;;;Tamponamento Multiplo;Intersezione semaforizzata;Due carreggiate;Asciutto;Asfaltata;Verticale ed orizzontale;Sereno;Normale;Buona;Ore Diurne;0;0;0;3;12,52714;41,93873;-1;2;Autovettura privata;In marcia / fermata / arresto;Conducente;M;Illeso;0;;Non accertato;Inesploso
3526333;4;26/10/2017 12:00;Strada Urbana;VIA DELLE VALLI;all'intersezione semaforizzata con;PIAZZA CONCA D'ORO;PIAZZA CONCA D'ORO;;;Tamponamento Multiplo;Intersezione semaforizzata;Due carreggiate;Asciutto;Asfaltata;Verticale ed orizzontale;Sereno;Normale;Buona;Ore Diurne;0;0;0;3;12,52714;41,93873;-1;3;Autovettura privata;In marcia / fermata / arresto;Conducente;M;Illeso;0;;Non accertato;Inesploso