Protocollo;Gruppo;DataOraIncidente;Localizzazione1;STRADA1;Localizzazione2;STRADA2;Strada02;Chilometrica;DaSpecificare;NaturaIncidente;particolaritastrade;TipoStrada;FondoStradale;Pavimentazione;Segnaletica;CondizioneAtmosferica;Traffico;Visibilita;Illuminazione;NUM_FERITI;NUM_RISERVATA;NUM_MORTI;NUM_ILLESI;Longitudine;Latitudine;Confermato;Progressivo;TipoVeicolo;StatoVeicolo;TipoPersona;Sesso;Tipolesione;Deceduto;DecedutoDopo;CinturaCascoUtilizzato;Airbag
3526344;12;26/10/2017 18:20;Strada Urbana;VIA DELLA STAZIONE ENRICO FERMI;da specificare;;;;snc;Veicolo in marcia contro veicolo in sosta;Rettilineo;Una carreggiata a doppio senso;Asciutto;Asfaltata;Verticale ed orizzontale;Sereno;Normale;Buona;Ore Diurne;0;0;0;1;12,46975;41,82883;-1;1;Autovettura privata;In marcia / fermata / arresto;Conducente;M;Illeso;0;;;
3526355;4;26/10/2017 18:30;Strada Urbana;VIA CONCA D'ORO;all'intersezione con;VIA VALLE VERMIGLIO;VIA VALLE VERMIGLIO;;;Scontro frontale fra veicoli in marcia;Incrocio;Una carreggiata a senso unico di marcia;Asciutto;Asfaltata;Verticale ed orizzontale;Sereno;Normale;Sufficiente;Sufficiente;0;0;0;3;12,52393;41,94086;-1;1;Autovettura privata;In marcia / fermata / arresto;Conducente;M;Illeso;0;;Non accertato;Inesploso
3526355;4;26/10/2017 18:30;Strada Urbana;VIA CONCA D'ORO;all'intersezione con;VIA VALLE VERMIGLIO;VIA VALLE VERMIGLIO;;;Scontro frontale fra veicoli in marcia;Incrocio;Una carreggiata a senso unico di marcia;Asciutto;Asfaltata;Verticale ed orizzontale;Sereno;Normale;Sufficiente;Sufficiente;0;0;0;3;12,52393;41,94086;-1;1;Autovettura privata;In marcia / fermata / arresto;Passeggero;F;Illeso;0;;Non accertato;Inesploso
3526355;4;26/10/2017 18:30;Strada Urbana;VIA CONCA D'ORO;all'intersezione con;VIA VALLE VERMIGLIO;VIA VALLE VERMIGLIO;;;Scontro frontale fra veicoli in marcia;Incrocio;Una carreggiata a senso unico di marcia;Asciutto;Asfaltata;Verticale ed orizzontale;Sereno;Normale;Sufficiente;Sufficiente;0;0;0;3;12,52393;41,94086;-1;2;Ciclomotore;In marcia / fermata / arresto;Conducente;M;Illeso;0;;Non accertato;
3526373;4;26/10/2017 13:00;Strada Urbana;VIALE VAL PADANA;all'intersezione con;VIA VAL DI CHIENTI;VIA VAL DI CHIENTI;;;Tamponamento;Intersezione stradale segnalata;Due carreggiate;Asciutto;Asfaltata;Verticale;Sereno;Normale;Buona;Ore Diurne;1;0;0;2;12,52336;41,94283;-1;1;Autovettura privata;In marcia / fermata / arresto;Conducente;M;Illeso;0;;Non accertato;
3526373;4;26/10/2017 13:00;Strada Urbana;VIALE VAL PADANA;all'intersezione con;VIA VAL DI CHIENTI;VIA VAL DI CHIENTI;;;Tamponamento;Intersezione stradale segnalata;Due carreggiate;Asciutto;Asfaltata;Verticale;Sereno;Normale;Buona;Ore Diurne;1;0;0;2;12,52336;41,94283;-1;2;Autovettura privata;In marcia / fermata / arresto;Conducente;M;Illeso;0;;Non accertato;
3526373;4;26/10/2017 13:00;Strada Urbana;VIALE VAL PADANA;all'intersezione con;VIA VAL DI CHIENTI;VIA VAL DI CHIENTI;;;Tamponamento;Intersezione stradale segnalata;Due carreggiate;Asciutto;Asfaltata;Verticale;Sereno;Normale;Buona;Ore Diurne;1;0;0;2;12,52336;41,94283;-1;2;Autovettura privata;In marcia / fermata / arresto;Passeggero;F;Rifiuta cure immediate;0;NON DECEDUTO;;
3526375;1;26/10/2017 21:45;Strada Urbana;VIA DEL BABUINO;in prossimità;;del civico n.;153;;Veicolo in marcia contro veicolo arresto;Rettilineo;Una carreggiata a senso unico di marcia;Asciutto;Asfaltata;Verticale ed orizzontale;Sereno;Normale;Buona;Sufficiente;0;0;0;2;12,47907;41,90824;-1;1;Autovettura privata;In marcia / fermata / arresto;Conducente;M;Illeso;0;;Non accertato;
3526375;1;26/10/2017 21:45;Strada Urbana;VIA DEL BABUINO;in prossimità;;del civico n.;153;;Veicolo in marcia contro veicolo arresto;Rettilineo;Una carreggiata a senso unico di marcia;Asciutto;Asfaltata;Verticale ed orizzontale;Sereno;Normale;Buona;Sufficiente;0;0;0;2;12,47907;41,90824;-1;2;Autovettura privata;In marcia / fermata / arresto;Conducente;F;Illeso;0;;Non accertato;
3526386;12;26/10/2017 13:00;Strada Urbana;VIALE DEI CADUTI PER LA RESISTENZA;all'intersezione con;VIA DEI CADUTI CIVILI;VIA DEI CADUTI CIVILI;;;Scontro laterale fra veicoli in marcia;Incrocio;Due carreggiate;Asciutto;Asfaltata;Verticale ed orizzontale;Sereno;Normale;Buona;Ore Diurne;0;0;0;5;12,44243;41,78756;-1;1;Autovettura privata;In marcia / fermata / arresto;Conducente;M;Illeso;0;;;
3526386;12;26/10/2017 13:00;Strada Urbana;VIALE DEI CADUTI PER LA RESISTENZA;all'intersezione con;VIA DEI CADUTI CIVILI;VIA DEI CADUTI CIVILI;;;Scontro laterale fra veicoli in marcia;Incrocio;Due carreggiate;Asciutto;Asfaltata;Verticale ed orizzontale;Sereno;Normale;Buona;Ore Diurne;0;0;0;5;12,44243;41,78756;-1;1;Autovettura privata;In marcia / fermata / arresto;Passeggero;F;Illeso;0;;;
3526386;12;26/10/2017 13:00;Strada Urbana;VIALE DEI CADUTI PER LA RESISTENZA;all'intersezione con;VIA DEI CADUTI CIVILI;VIA DEI CADUTI CIVILI;;;Scontro laterale fra veicoli in marcia;Incrocio;Due carreggiate;Asciutto;Asfaltata;Verticale ed orizzontale;Sereno;Normale;Buona;Ore Diurne;0;0;0;5;12,44243;41,78756;-1;2;Autovettura privata;In marcia / fermata / arresto;Conducente;M;Illeso;0;;;
3526386;12;26/10/2017 13:00;Strada Urbana;VIALE DEI CADUTI PER LA RESISTENZA;all'intersezione con;VIA DEI CADUTI CIVILI;VIA DEI CADUTI CIVILI;;;Scontro laterale fra veicoli in marcia;Incrocio;Due carreggiate;Asciutto;Asfaltata;Verticale ed orizzontale;Sereno;Normale;Buona;Ore Diurne;0;0;0;5;12,44243;41,78756;-1;2;Autovettura privata;In marcia / fermata / arresto;Passeggero;F;Illeso;0;;;
3526386;12;26/10/2017 13:00;Strada Urbana;VIALE DEI CADUTI PER LA RESISTENZA;all'intersezione con;VIA DEI CADUTI CIVILI;VIA DEI CADUTI CIVILI;;;Scontro laterale fra veicoli in marcia;Incrocio;Due carreggiate;Asciutto;Asfaltata;Verticale ed orizzontale;Sereno;Normale;Buona;Ore Diurne;0;0;0;5;12,44243;41,78756;-1;2;Autovettura privata;In marcia / fermata / arresto;Passeggero;M;Illeso;0;;;
3526402;3;26/10/2017 10:30;Strada Urbana;VIA DEI FRENTANI;all'intersezione con;VIALE PRETORIANO;VIALE PRETORIANO;;;Scontro laterale fra veicoli in marcia;Intersezione stradale segnalata;Una carreggiata a senso unico di marcia;Asciutto;Asfaltata;Verticale;Sereno;Normale;Buona;Ore Diurne;0;0;0;3;12,50824;41,90054;-1;1;Autovettura privata;In marcia / fermata / arresto;Conducente;F;Illeso;0;;Non accertato;
3526402;3;26/10/2017 10:30;Strada Urbana;VIA DEI FRENTANI;all'intersezione con;VIALE PRETORIANO;VIALE PRETORIANO;;;Scontro laterale fra veicoli in marcia;Intersezione stradale segnalata;Una carreggiata a senso unico di marcia;Asciutto;Asfaltata;Verticale;Sereno;Normale;Buona;Ore Diurne;0;0;0;3;12,50824;41,90054;-1;1;Autovettura privata;In marcia / fermata / arresto;Passeggero;F;Illeso;0;;Non accertato;
3526402;3;26/10/2017 10:30;Strada Urbana;VIA DEI FRENTANI;all'intersezione con;VIALE PRETORIANO;VIALE PRETORIANO;;;Scontro laterale fra veicoli in marcia;Intersezione stradale segnalata;Una carreggiata a senso unico di marcia;Asciutto;Asfaltata;Verticale;Sereno;Normale;Buona;Ore Diurne;0;0;0;3;12,50824;41,90054;-1;2;Motociclo a solo;In marcia / fermata / arresto;Conducente;M;Illeso;0;;Non accertato;
3526405;17;25/10/2017 09:45;Strada Urbana;VIALE VATICANO;da specificare;;;;IN PROSSIMITA' DI VIA SANTAMAURA;Investimento di pedone;Rettilineo;Una carreggiata a doppio senso;Asciutto;Asfaltata;Verticale ed orizzontale;Sereno;Intenso;Buona;Ore Diurne;2;0;0;0;12,45412;41,90721;-1;;;;Pedone;F;Rimandato;0;NON DECEDUTO;;
3526405;17;25/10/2017 09:45;Strada Urbana;VIALE VATICANO;da specificare;;;;IN PROSSIMITA' DI VIA SANTAMAURA;Investimento di pedone;Rettilineo;Una carreggiata a doppio senso;Asciutto;Asfaltata;Verticale ed orizzontale;Sereno;Intenso;Buona;Ore Diurne;2;0;0;0;12,45412;41,90721;-1;1;Motociclo a solo;In marcia / fermata / arresto;Conducente;M;Rimandato;0;NON DECEDUTO;;
3526407;12;26/10/2017 18:35;Strada Urbana;VIALE DI VAL FIORITA;in corrispondenza;;del civico n.;90;;Investimento di pedone;Rettilineo;Una carreggiata a doppio senso;Asciutto;Asfaltata;Verticale ed orizzontale;Sereno;Intenso;Buona;Sufficiente;1;0;0;1;12,46343;41,83835;-1;;;;Pedone;F;Rimandato;0;NON DECEDUTO;;
3526407;12;26/10/2017 18:35;Strada Urbana;VIALE DI VAL FIORITA;in corrispondenza;;del civico n.;90;;Investimento di pedone;Rettilineo;Una carreggiata a doppio senso;Asciutto;Asfaltata;Verticale ed orizzontale;Sereno;Intenso;Buona;Sufficiente;1;0;0;1;12,46343;41,83835;-1;1;Motociclo a solo;In marcia / fermata / arresto;Conducente;M;Illeso;0;;Utilizzato;
3526422;1;27/10/2017 07:35;Strada Urbana;VIA CRISTOFORO COLOMBO;da specificare;;;;intersezione RAMPA DISCESA VIA CILICIA;Scontro frontale/laterale DX fra veicoli in marcia;Rettilineo;Una carreggiata a senso unico di marcia;Asciutto;Asfaltata;Verticale ed orizzontale;Sereno;Normale;Buona;Ore Diurne;0;0;0;3;12,41155;41,78584;-1;1;Autovettura privata;In marcia / fermata / arresto;Conducente;M;Illeso;0;;Non accertato;
3526422;1;27/10/2017 07:35;Strada Urbana;VIA CRISTOFORO COLOMBO;da specificare;;;;intersezione RAMPA DISCESA VIA CILICIA;Scontro frontale/laterale DX fra veicoli in marcia;Rettilineo;Una carreggiata a senso unico di marcia;Asciutto;Asfaltata;Verticale ed orizzontale;Sereno;Normale;Buona;Ore Diurne;0;0;0;3;12,41155;41,78584;-1;2;Autovettura privata;In marcia / fermata / arresto;Conducente;M;Illeso;0;;Non accertato;
3526422;1;27/10/2017 07:35;Strada Urbana;VIA CRISTOFORO COLOMBO;da specificare;;;;intersezione RAMPA DISCESA VIA CILICIA;Scontro frontale/laterale DX fra veicoli in marcia;Rettilineo;Una carreggiata a senso unico di marcia;Asciutto;Asfaltata;Verticale ed orizzontale;Sereno;Normale;Buona;Ore Diurne;0;0;0;3;12,41155;41,78584;-1;3;Autocarro inferiore 35 q.;In marcia / fermata / arresto;Conducente;M;Illeso;0;;Non accertato;
3526424;3;26/10/2017 08:50;Strada Urbana;PIAZZA DEI SANNITI;in corrispondenza;;del civico n.;30;;Scontro frontale/laterale SX fra veicoli in marcia;Rettilineo;Una carreggiata a senso unico di marcia;Asciutto;Asfaltata;Assente;Sereno;Normale;Buona;Ore Diurne;1;0;0;1;12,51639;41,89874;-1;1;Autovettura privata;In marcia / fermata / arresto;Conducente;M;Illeso;0;;Non accertato;Inesploso
3526424;3;26/10/2017 08:50;Strada Urbana;PIAZZA DEI SANNITI;in corrispondenza;;del civico n.;30;;Scontro frontale/laterale SX fra veicoli in marcia;Rettilineo;Una carreggiata a senso unico di marcia;Asciutto;Asfaltata;Assente;Sereno;Normale;Buona;Ore Diurne;1;0;0;1;12,51639;41,89874;-1;2;Motociclo a solo;In marcia / fermata / arresto;Conducente;M;Rimandato;0;NON DECEDUTO;Non accertato;
3526466;12;25/10/2017 00:40;Strada Urbana;VIA DI DECIMA;da specificare;;;;PROSSIMITA' USCE;Scontro laterale fra veicoli in marcia;Curva a visuale libera;Una carreggiata a doppio senso;Asciutto;Asfaltata;Verticale ed orizzontale;Sereno;Scarso;Buona;Sufficiente;1;0;0;1;12,45132;41,81633;-1;1;Autovettura privata;In marcia / fermata / arresto;Conducente;M;Rimandato;0;NON DECEDUTO;Utilizzato;Inesploso
3526466;12;25/10/2017 00:40;Strada Urbana;VIA DI DECIMA;da specificare;;;;PROSSIMITA' USCE;Scontro laterale fra veicoli in marcia;Curva a visuale libera;Una carreggiata a doppio senso;Asciutto;Asfaltata;Verticale ed orizzontale;Sereno;Scarso;Buona;Sufficiente;1;0;0;1;12,45132;41,81633;-1;2;Autovettura privata;In marcia / fermata / arresto;Conducente;M;Illeso;0;;Non accertato;Inesistente
3526471;15;27/10/2017 10:10;Strada Urbana;VIA DELLA MAGLIANA;da specificare;;;;altezza svincolo GRA (interna);Scontro frontale fra veicoli in marcia;Curva a visuale libera;Una carreggiata a doppio senso;Asciutto;Asfaltata;Assente;Nuvoloso;Normale;Buona;Ore Diurne;1;0;0;2;12,4243;41,83404;-1;1;Autovettura privata;In marcia / fermata / arresto;Conducente;M;Illeso;0;;Non accertato;Inesploso
3526471;15;27/10/2017 10:10;Strada Urbana;VIA DELLA MAGLIANA;da specificare;;;;altezza svincolo GRA (interna);Scontro frontale fra veicoli in marcia;Curva a visuale libera;Una carreggiata a doppio senso;Asciutto;Asfaltata;Assente;Nuvoloso;Normale;Buona;Ore Diurne;1;0;0;2;12,4243;41,83404;-1;2;Autovettura privata;In marcia / fermata / arresto;Conducente;M;Illeso;0;;Non accertato;Inesploso
3526471;15;27/10/2017 10:10;Strada Urbana;VIA DELLA MAGLIANA;da specificare;;;;altezza svincolo GRA (interna);Scontro frontale fra veicoli in marcia;Curva a visuale libera;Una carreggiata a doppio senso;Asciutto;Asfaltata;Assente;Nuvoloso;Normale;Buona;Ore Diurne;1;0;0;2;12,4243;41,83404;-1;2;Autovettura privata;In marcia / fermata / arresto;Passeggero;M;Rimandato;0;NON DECEDUTO;Non accertato;Inesistente
3526516;2;26/10/2017 17:30;Strada Urbana;VIA ASMARA;da specificare;;;;fronte civico 28;Veicolo in marcia contro veicoli in sosta;Curva a visuale libera;Una carreggiata a doppio senso;Asciutto;Asfaltata;Verticale ed orizzontale;Sereno;Normale;Buona;Ore Diurne;0;0;0;1;12,51963;41,92676;-1;1;Autovettura privata;In marcia / fermata / arresto;Conducente;M;Illeso;0;;;
3526529;7;27/10/2017 03:15;Strada Urbana;VIA CASILINA;in corrispondenza;;del civico n.;1070;;Scontro laterale fra veicoli in marcia;Rettilineo;Una carreggiata a doppio senso;Asciutto;Asfaltata;Verticale ed orizzontale;Sereno;Scarso;Sufficiente;Sufficiente;0;0;0;2;12,59204;41,86704;-1;1;Autovettura privata;In marcia / fermata / arresto;Conducente;F;Illeso;0;;;
3526529;7;27/10/2017 03:15;Strada Urbana;VIA CASILINA;in corrispondenza;;del civico n.;1070;;Scontro laterale fra veicoli in marcia;Rettilineo;Una carreggiata a doppio senso;Asciutto;Asfaltata;Verticale ed orizzontale;Sereno;Scarso;Sufficiente;Sufficiente;0;0;0;2;12,59204;41,86704;-1;1;Autovettura privata;In marcia / fermata / arresto;Passeggero;M;Illeso;0;;;
3526542;2;27/10/2017 01:10;Strada Urbana;VIA TAGLIAMENTO;in prossimità;;del civico n.;77;;Scontro frontale/laterale SX fra veicoli in marcia;Rettilineo;Una carreggiata a doppio senso;Asciutto;Asfaltata;Verticale ed orizzontale;Sereno;Scarso;Buona;Sufficiente;0;0;0;2;12,50496;41,92155;-1;1;Autovettura privata;In marcia / fermata / arresto;Conducente;F;Illeso;0;;;
3526542;2;27/10/2017 01:10;Strada Urbana;VIA TAGLIAMENTO;in prossimità;;del civico n.;77;;Scontro frontale/laterale SX fra veicoli in marcia;Rettilineo;Una carreggiata a doppio senso;Asciutto;Asfaltata;Verticale ed orizzontale;Sereno;Scarso;Buona;Sufficiente;0;0;0;2;12,50496;41,92155;-1;2;Autovettura privata;In marcia / fermata / arresto;Conducente;M;Illeso;0;;;
3526545;10;27/10/2017 09:00;Strada Urbana;VIA DEI QUINZI;in prossimità;;del civico n.;39;;Veicolo in marcia contro veicoli in sosta;Rettilineo;Una carreggiata a doppio senso;Asciutto;Asfaltata;Assente;Sereno;Scarso;Buona;Ore Diurne;0;0;0;1;12,55268;41,86373;-1;1;Autocarro inferiore 35 q.;In marcia / fermata / arresto;Conducente;M;Illeso;0;;Non accertato;Inesploso
3526563;17;25/10/2017 18:30;Strada Urbana;LARGO GIOVANNI XXIII;da specificare;;;;fronte Via della Conciliazione;Scontro laterale fra veicoli in marcia;Rettilineo;Due carreggiate;Asciutto;Asfaltata;Assente;Grandine in atto;Intenso;Sufficiente;Ore Diurne;1;0;0;1;12,46437;41,90212;-1;1;Ciclomotore;In marcia / fermata / arresto;Conducente;M;Illeso;0;;;
3526563;17;25/10/2017 18:30;Strada Urbana;LARGO GIOVANNI XXIII;da specificare;;;;fronte Via della Conciliazione;Scontro laterale fra veicoli in marcia;Rettilineo;Due carreggiate;Asciutto;Asfaltata;Assente;Grandine in atto;Intenso;Sufficiente;Ore Diurne;1;0;0;1;12,46437;41,90212;-1;2;Motociclo a solo;In marcia / fermata / arresto;Conducente;F;Rimandato;0;NON DECEDUTO;;
3526582;12;25/10/2017 13:50;Strada Urbana;VIALE DELL'OCEANO ATLANTICO;all'intersezione con;VIA RHODESIA;VIA RHODESIA;;;Tamponamento;Incrocio;Due carreggiate;Asciutto;Asfaltata;Verticale ed orizzontale;Sereno;Normale;Buona;Ore Diurne;1;0;0;1;12,4714;41,8201;-1;1;Autovettura privata;In marcia / fermata / arresto;Conducente;M;Rimandato;0;NON DECEDUTO;Non accertato;Inesploso
3526582;12;25/10/2017 13:50;Strada Urbana;VIALE DELL'OCEANO ATLANTICO;all'intersezione con;VIA RHODESIA;VIA RHODESIA;;;Tamponamento;Incrocio;Due carreggiate;Asciutto;Asfaltata;Verticale ed orizzontale;Sereno;Normale;Buona;Ore Diurne;1;0;0;1;12,4714;41,8201;-1;2;Autovettura privata;In marcia / fermata / arresto;Conducente;M;Illeso;0;;;Inesploso
3526601;9;27/10/2017 08:45;Strada Urbana;VIA GALLIA;in corrispondenza;;del civico n.;96a;;Veicolo in marcia contro veicolo in sosta;Rettilineo;Una carreggiata a doppio senso;Asciutto;Asfaltata;Orizzontale;Sereno;Normale;Buona;Ore Diurne;0;0;0;1;;;0;1;Autocarro inferiore 35 q.;In marcia / fermata / arresto;Conducente;M;Illeso;0;;;
3526611;2;26/10/2017 12:10;Strada Urbana;VIA SALARIA;in prossimità;;del civico n.;223;;Tamponamento;Rettilineo;Una carreggiata a senso unico di marcia;Asciutto;Asfaltata;Orizzontale;Sereno;Normale;Buona;Ore Diurne;0;0;0;2;12,49911;41,92037;-1;1;Autovettura privata;In marcia / fermata / arresto;Conducente;M;Illeso;0;;;
3526611;2;26/10/2017 12:10;Strada Urbana;VIA SALARIA;in prossimità;;del civico n.;223;;Tamponamento;Rettilineo;Una carreggiata a senso unico di marcia;Asciutto;Asfaltata;Orizzontale;Sereno;Normale;Buona;Ore Diurne;0;0;0;2;12,49911;41,92037;-1;2;Autovettura privata;In marcia / fermata / arresto;Conducente;M;Illeso;0;;;
3526616;2;26/10/2017 08:00;Strada Urbana;VIA DI PONTE SALARIO;da specificare;;;;pross. ingresso Villa Ada;Ribaltamento senza urto contro ostacolo fisso;Curva a visuale libera;Una carreggiata a senso unico di marcia;Asciutto;Asfaltata;Verticale ed orizzontale;Sereno;Scarso;Buona;Ore Diurne;1;0;0;0;12,50614;41,93554;-1;1;Motociclo a solo;In marcia / fermata / arresto;Conducente;F;Rimandato;0;NON DECEDUTO;;
3526618;2;26/10/2017 08:50;Strada Urbana;VIA POGGIO NATIVO;in prossimità;;del civico n.;3;;Veicolo in marcia contro veicolo in sosta;Rettilineo;Una carreggiata a senso unico di marcia;Asciutto;Asfaltata;Assente;Sereno;Scarso;Buona;Ore Diurne;0;0;0;1;12,51341;41,93439;-1;2;Autovettura privata;In marcia / fermata / arresto;Conducente;M;Illeso;0;;;
3526624;2;26/10/2017 11:45;Strada Urbana;VIA GIULIO GAUDINI;in prossimità;;del civico n.;5;;Tamponamento Multiplo;Rettilineo;Una carreggiata a doppio senso;Asciutto;Asfaltata;Verticale ed orizzontale;Sereno;Scarso;Buona;Ore Diurne;0;0;0;3;12,47726;41,92896;-1;1;Autovettura privata;In marcia / fermata / arresto;Conducente;M;Illeso;0;;;
3526624;2;26/10/2017 11:45;Strada Urbana;VIA GIULIO GAUDINI;in prossimità;;del civico n.;5;;Tamponamento Multiplo;Rettilineo;Una carreggiata a doppio senso;Asciutto;Asfaltata;Verticale ed orizzontale;Sereno;Scarso;Buona;Ore Diurne;0;0;0;3;12,47726;41,92896;-1;2;Autovettura privata;In marcia / fermata / arresto;Conducente;F;Illeso;0;;;
3526624;2;26/10/2017 11:45;Strada Urbana;VIA GIULIO GAUDINI;in prossimità;;del civico n.;5;;Tamponamento Multiplo;Rettilineo;Una carreggiata a doppio senso;Asciutto;Asfaltata;Verticale ed orizzontale;Sereno;Scarso;Buona;Ore Diurne;0;0;0;3;12,47726;41,92896;-1;3;Autovettura privata;In marcia / fermata / arresto;Conducente;F;Illeso;0;;;
3526628;6;27/10/2017 10:15;Strada Urbana;VIA DEI GORDIANI;in corrispondenza;;del civico n.;32;;Scontro frontale/laterale SX fra veicoli in marcia;Rettilineo;Una carreggiata a doppio senso;Asciutto;Asfaltata;Assente;Nuvoloso;Normale;Buona;Ore Diurne;1;0;0;2;12,553;41,88045;-1;1;Autovettura privata;In marcia / fermata / arresto;Conducente;F;Illeso;0;;Non accertato;Inesploso
3526628;6;27/10/2017 10:15;Strada Urbana;VIA DEI GORDIANI;in corrispondenza;;del civico n.;32;;Scontro frontale/laterale SX fra veicoli in marcia;Rettilineo;Una carreggiata a doppio senso;Asciutto;Asfaltata;Assente;Nuvoloso;Normale;Buona;Ore Diurne;1;0;0;2;12,553;41,88045;-1;2;Autovettura privata;In marcia / fermata / arresto;Conducente;M;Illeso;0;;Non accertato;Inesploso
3526628;6;27/10/2017 10:15;Strada Urbana;VIA DEI GORDIANI;in corrispondenza;;del civico n.;32;;Scontro frontale/laterale SX fra veicoli in marcia;Rettilineo;Una carreggiata a doppio senso;Asciutto;Asfaltata;Assente;Nuvoloso;Normale;Buona;Ore Diurne;1;0;0;2;12,553;41,88045;-1;2;Autovettura privata;In marcia / fermata / arresto;Passeggero;F;Ricoverato;0;NON DECEDUTO;;
3526638;1;27/10/2017 08:30;Strada Urbana;CORSO VITTORIO EMANUELE II;all'intersezione con;PIAZZA DELLA CANCELLERIA;PIAZZA DELLA CANCELLERIA;;;Scontro frontale/laterale DX fra veicoli in marcia;Intersezione stradale segnalata;Una carreggiata a doppio senso;Asciutto;Asfaltata;Verticale ed orizzontale;Sereno;Normale;Buona;Ore Diurne;1;0;0;1;12,47145;41,89718;-1;1;Autocarro inferiore 35 q.;In marcia / fermata / arresto;Conducente;M;Illeso;0;;Non accertato;Inesploso
3526638;1;27/10/2017 08:30;Strada Urbana;CORSO VITTORIO EMANUELE II;all'intersezione con;PIAZZA DELLA CANCELLERIA;PIAZZA DELLA CANCELLERIA;;;Scontro frontale/laterale DX fra veicoli in marcia;Intersezione stradale segnalata;Una carreggiata a doppio senso;Asciutto;Asfaltata;Verticale ed orizzontale;Sereno;Normale;Buona;Ore Diurne;1;0;0;1;12,47145;41,89718;-1;2;Motociclo a solo;In marcia / fermata / arresto;Conducente;M;Rimandato;0;NON DECEDUTO;Non accertato;
3526643;2;26/10/2017 13:55;Strada Urbana;VIALE PARIOLI;in prossimità;;del civico n.;96;;Scontro laterale fra veicoli in marcia;Curva senza visuale libera;Una carreggiata a doppio senso;Asciutto;Asfaltata;Orizzontale;Sereno;Intenso;Buona;Ore Diurne;0;0;0;2;12,48642;41,92667;-1;1;Autovettura privata;In marcia / fermata / arresto;Conducente;M;Illeso;0;;Non accertato;Inesploso
3526643;2;26/10/2017 13:55;Strada Urbana;VIALE PARIOLI;in prossimità;;del civico n.;96;;Scontro laterale fra veicoli in marcia;Curva senza visuale libera;Una carreggiata a doppio senso;Asciutto;Asfaltata;Orizzontale;Sereno;Intenso;Buona;Ore Diurne;0;0;0;2;12,48642;41,92667;-1;2;Autovettura privata;In marcia / fermata / arresto;Conducente;M;Illeso;0;;Non accertato;Inesploso
3526647;17;26/10/2017 13:30;Strada Urbana;VIA BALDO DEGLI UBALDI;in corrispondenza;;del civico n.;186;;Veicolo in marcia contro veicolo fermo;Rettilineo;Due carreggiate;Asciutto;Asfaltata;Verticale ed orizzontale;Sereno;Normale;Buona;Ore Diurne;1;0;0;1;12,4363;41,89971;-1;1;Autovettura privata;In marcia / fermata / arresto;Conducente;M;Illeso;0;;Non accertato;Inesploso
3526647;17;26/10/2017 13:30;Strada Urbana;VIA BALDO DEGLI UBALDI;in corrispondenza;;del civico n.;186;;Veicolo in marcia contro veicolo fermo;Rettilineo;Due carreggiate;Asciutto;Asfaltata;Verticale ed orizzontale;Sereno;Normale;Buona;Ore Diurne;1;0;0;1;12,4363;41,89971;-1;2;Velocipede;In marcia / fermata / arresto;Conducente;F;Rimandato;0;NON DECEDUTO;Esente;
3526648;18;26/10/2017 14:30;Strada Urbana;VIA DEL QUARTACCIO;all'intersezione con;VIA DEL PODERE DI S. GIUSTO;VIA DEL PODERE DI S. GIUSTO;;;Scontro laterale fra veicoli in marcia;Incrocio;Una carreggiata a doppio senso;Asciutto;Asfaltata;Verticale ed orizzontale;Sereno;Normale;Buona;Ore Diurne;3;0;0;2;12,39547;41,91899;-1;1;Autovettura privata;In marcia / fermata / arresto;Conducente;M;Rimandato;0;NON DECEDUTO;;
3526648;18;26/10/2017 14:30;Strada Urbana;VIA DEL QUARTACCIO;all'intersezione con;VIA DEL PODERE DI S. GIUSTO;VIA DEL PODERE DI S. GIUSTO;;;Scontro laterale fra veicoli in marcia;Incrocio;Una carreggiata a doppio senso;Asciutto;Asfaltata;Verticale ed orizzontale;Sereno;Normale;Buona;Ore Diurne;3;0;0;2;12,39547;41,91899;-1;1;Autovettura privata;In marcia / fermata / arresto;Passeggero;M;Rimandato;0;NON DECEDUTO;;
3526648;18;26/10/2017 14:30;Strada Urbana;VIA DEL QUARTACCIO;all'intersezione con;VIA DEL PODERE DI S. GIUSTO;VIA DEL PODERE DI S. GIUSTO;;;Scontro laterale fra veicoli in marcia;Incrocio;Una carreggiata a doppio senso;Asciutto;Asfaltata;Verticale ed orizzontale;Sereno;Normale;Buona;Ore Diurne;3;0;0;2;12,39547;41,91899;-1;2;Autocarro inferiore 35 q.;In marcia / fermata / arresto;Conducente;M;Illeso;0;;;
3526648;18;26/10/2017 14:30;Strada Urbana;VIA DEL QUARTACCIO;all'intersezione con;VIA DEL PODERE DI S. GIUSTO;VIA DEL PODERE DI S. GIUSTO;;;Scontro laterale fra veicoli in marcia;Incrocio;Una carreggiata a doppio senso;Asciutto;Asfaltata;Verticale ed orizzontale;Sereno;Normale;Buona;Ore Diurne;3;0;0;2;12,39547;41,91899;-1;3;Autovettura privata;In marcia / fermata / arresto;Conducente;F;Rimandato;0;NON DECEDUTO;Non accertato;Inesploso
3526648;18;26/10/2017 14:30;Strada Urbana;VIA DEL QUARTACCIO;all'intersezione con;VIA DEL PODERE DI S. GIUSTO;VIA DEL PODERE DI S. GIUSTO;;;Scontro laterale fra veicoli in marcia;Incrocio;Una carreggiata a doppio senso;Asciutto;Asfaltata;Verticale ed orizzontale;Sereno;Normale;Buona;Ore Diurne;3;0;0;2;12,39547;41,91899;-1;4;Autovettura privata;In marcia / fermata / arresto;Conducente;M;Illeso;0;;;