Protocollo;Gruppo;DataOraIncidente;Localizzazione1;STRADA1;Localizzazione2;STRADA2;Strada02;Chilometrica;DaSpecificare;NaturaIncidente;particolaritastrade;TipoStrada;FondoStradale;Pavimentazione;Segnaletica;CondizioneAtmosferica;Traffico;Visibilita;Illuminazione;NUM_FERITI;NUM_RISERVATA;NUM_MORTI;NUM_ILLESI;Longitudine;Latitudine;Confermato;Progressivo;TipoVeicolo;StatoVeicolo;TipoPersona;Sesso;Tipolesione;Deceduto;DecedutoDopo;CinturaCascoUtilizzato;Airbag
3527348;15;27/10/2017 13:30;Strada Urbana;VIA DELLE IDROVORE DELLA MAGLIANA;da specificare;;;;fronte civ. 47;Tamponamento;Rettilineo;Una carreggiata a doppio senso;Asciutto;Asfaltata;Assente;Nuvoloso;Scarso;Buona;Ore Diurne;1;0;0;2;12,44062;41,83141;-1;1;Autovettura privata;In marcia / fermata / arresto;Conducente;M;Illeso;0;;Utilizzato;
3527348;15;27/10/2017 13:30;Strada Urbana;VIA DELLE IDROVORE DELLA MAGLIANA;da specificare;;;;fronte civ. 47;Tamponamento;Rettilineo;Una carreggiata a doppio senso;Asciutto;Asfaltata;Assente;Nuvoloso;Scarso;Buona;Ore Diurne;1;0;0;2;12,44062;41,83141;-1;1;Autovettura privata;In marcia / fermata / arresto;Passeggero;M;Illeso;0;;;
3527348;15;27/10/2017 13:30;Strada Urbana;VIA DELLE IDROVORE DELLA MAGLIANA;da specificare;;;;fronte civ. 47;Tamponamento;Rettilineo;Una carreggiata a doppio senso;Asciutto;Asfaltata;Assente;Nuvoloso;Scarso;Buona;Ore Diurne;1;0;0;2;12,44062;41,83141;-1;2;Autovettura privata;In marcia / fermata / arresto;Conducente;F;Rimandato;0;NON DECEDUTO;Utilizzato;Inesploso
3527635;11;27/10/2017 15:40;Strada Urbana;VIA DI TOR CARBONE;in corrispondenza;;del civico n.;53;;Scontro frontale/laterale DX fra veicoli in marcia;Rettilineo;Una carreggiata a doppio senso;Asciutto;Asfaltata;Verticale ed orizzontale;Nuvoloso;Normale;Buona;Ore Diurne;1;0;0;1;12,53559;41,83264;-1;1;Motociclo a solo;In marcia / fermata / arresto;Conducente;M;Rifiuta cure immediate;0;NON DECEDUTO;;
3527635;11;27/10/2017 15:40;Strada Urbana;VIA DI TOR CARBONE;in corrispondenza;;del civico n.;53;;Scontro frontale/laterale DX fra veicoli in marcia;Rettilineo;Una carreggiata a doppio senso;Asciutto;Asfaltata;Verticale ed orizzontale;Nuvoloso;Normale;Buona;Ore Diurne;1;0;0;1;12,53559;41,83264;-1;2;Autovettura privata;In marcia / fermata / arresto;Conducente;M;Illeso;0;;;
3527640;11;27/10/2017 07:45;Strada Urbana;VIA DI VIGNA MURATA;da specificare;;;;fronte VIA GROTTE D'ARCACCIO;Scontro laterale fra veicoli in marcia;Rettilineo;Due carreggiate;Asciutto;Asfaltata;Verticale ed orizzontale;Sereno;Intenso;Buona;Ore Diurne;0;0;0;4;12,49694;41,82644;-1;1;Autovettura privata;In marcia / fermata / arresto;Conducente;F;Illeso;0;;Non accertato;
3527640;11;27/10/2017 07:45;Strada Urbana;VIA DI VIGNA MURATA;da specificare;;;;fronte VIA GROTTE D'ARCACCIO;Scontro laterale fra veicoli in marcia;Rettilineo;Due carreggiate;Asciutto;Asfaltata;Verticale ed orizzontale;Sereno;Intenso;Buona;Ore Diurne;0;0;0;4;12,49694;41,82644;-1;1;Autovettura privata;In marcia / fermata / arresto;Passeggero;M;Illeso;0;;Non accertato;
3527640;11;27/10/2017 07:45;Strada Urbana;VIA DI VIGNA MURATA;da specificare;;;;fronte VIA GROTTE D'ARCACCIO;Scontro laterale fra veicoli in marcia;Rettilineo;Due carreggiate;Asciutto;Asfaltata;Verticale ed orizzontale;Sereno;Intenso;Buona;Ore Diurne;0;0;0;4;12,49694;41,82644;-1;2;Autovettura privata;In marcia / fermata / arresto;Conducente;F;Illeso;0;;Non accertato;
3527640;11;27/10/2017 07:45;Strada Urbana;VIA DI VIGNA MURATA;da specificare;;;;fronte VIA GROTTE D'ARCACCIO;Scontro laterale fra veicoli in marcia;Rettilineo;Due carreggiate;Asciutto;Asfaltata;Verticale ed orizzontale;Sereno;Intenso;Buona;Ore Diurne;0;0;0;4;12,49694;41,82644;-1;2;Autovettura privata;In marcia / fermata / arresto;Passeggero;F;Illeso;0;;Non accertato;
3527641;8;27/10/2017 10:25;Strada Urbana;VIA DI PONTE TERRA;in corrispondenza;;del civico n.;8;;Scontro frontale/laterale DX fra veicoli in marcia;Curva senza visuale libera;Una carreggiata a doppio senso;Bagnato (pioggia);Asfaltata;Assente;Sereno;Scarso;Buona;Ore Diurne;1;0;0;1;12,79163;41,91494;-1;1;Autovettura privata;In marcia / fermata / arresto;Conducente;F;Illeso;0;;Non accertato;
3527641;8;27/10/2017 10:25;Strada Urbana;VIA DI PONTE TERRA;in corrispondenza;;del civico n.;8;;Scontro frontale/laterale DX fra veicoli in marcia;Curva senza visuale libera;Una carreggiata a doppio senso;Bagnato (pioggia);Asfaltata;Assente;Sereno;Scarso;Buona;Ore Diurne;1;0;0;1;12,79163;41,91494;-1;2;Autovettura privata;In marcia / fermata / arresto;Conducente;F;Rimandato;0;NON DECEDUTO;Non accertato;
3527645;15;27/10/2017 16:10;Strada Urbana;VIA POGGIO VERDE;in corrispondenza;;del civico n.;22;;Scontro laterale fra veicoli in marcia;Rettilineo;Due carreggiate;Bagnato (pioggia);Asfaltata;Verticale ed orizzontale;Nuvoloso;Scarso;Buona;Ore Diurne;0;0;0;2;12,41869;41,85693;-1;1;Autovettura privata;In marcia / fermata / arresto;Conducente;M;Illeso;0;;Utilizzato;Inesploso
3527645;15;27/10/2017 16:10;Strada Urbana;VIA POGGIO VERDE;in corrispondenza;;del civico n.;22;;Scontro laterale fra veicoli in marcia;Rettilineo;Due carreggiate;Bagnato (pioggia);Asfaltata;Verticale ed orizzontale;Nuvoloso;Scarso;Buona;Ore Diurne;0;0;0;2;12,41869;41,85693;-1;2;Autovettura privata;In marcia / fermata / arresto;Conducente;M;Illeso;0;;Utilizzato;Inesploso
3527649;11;28/10/2017 03:50;Strada Urbana;LUNGOTEVERE DI S. PAOLO;in prossimità;;del civico n.;14;;Veicolo in marcia contro veicolo in sosta;Rettilineo;Una carreggiata a doppio senso;Asciutto;Asfaltata;Verticale ed orizzontale;Sereno;Scarso;Sufficiente;Sufficiente;0;0;0;1;12,47747;41,86195;-1;1;Autovettura privata;In marcia / fermata / arresto;Conducente;M;Illeso;0;;;
3527684;17;28/10/2017 00:30;;VIALE VATICANO;da specificare;;;;fronte civico 43;Veicolo in marcia contro ostacolo fisso;;;;;;;;;;0;0;0;1;12,44868;41,90426;0;1;Autovettura privata;In marcia / fermata / arresto;Conducente;M;Illeso;0;;;
3527689;17;27/10/2017 16:30;Strada Urbana;PIAZZA ADRIANA;da specificare;;;;NELLA CURVA ALTEZZA VIA CRESCENZIO;Scontro laterale fra veicoli in marcia;Curva a visuale libera;Una carreggiata a senso unico di marcia;Asciutto;Asfaltata;Verticale ed orizzontale;Nuvoloso;Intenso;Buona;Ore Diurne;0;0;0;2;12,46617;41,90548;-1;1;Autobus turistico;In marcia / fermata / arresto;Conducente;M;Illeso;0;;Non accertato;Inesploso
3527689;17;27/10/2017 16:30;Strada Urbana;PIAZZA ADRIANA;da specificare;;;;NELLA CURVA ALTEZZA VIA CRESCENZIO;Scontro laterale fra veicoli in marcia;Curva a visuale libera;Una carreggiata a senso unico di marcia;Asciutto;Asfaltata;Verticale ed orizzontale;Nuvoloso;Intenso;Buona;Ore Diurne;0;0;0;2;12,46617;41,90548;-1;2;Autovettura privata;In marcia / fermata / arresto;Conducente;F;Illeso;0;;Non accertato;Inesploso
3527734;1;27/10/2017 15:30;Strada Urbana;PIAZZA DELL'ESQUILINO;in prossimità;;del civico n.;6;;Scontro laterale fra veicoli in marcia;Curva a visuale libera;Una carreggiata a doppio senso;Asciutto;Asfaltata;Verticale;Nuvoloso;Normale;Buona;Ore Diurne;0;0;0;3;12,4975;41,89869;-1;1;Autovettura privata;In marcia / fermata / arresto;Conducente;M;Illeso;0;;Non accertato;Inesploso
3527734;1;27/10/2017 15:30;Strada Urbana;PIAZZA DELL'ESQUILINO;in prossimità;;del civico n.;6;;Scontro laterale fra veicoli in marcia;Curva a visuale libera;Una carreggiata a doppio senso;Asciutto;Asfaltata;Verticale;Nuvoloso;Normale;Buona;Ore Diurne;0;0;0;3;12,4975;41,89869;-1;1;Autovettura privata;In marcia / fermata / arresto;Passeggero;F;Illeso;0;;Non accertato;Inesploso
3527734;1;27/10/2017 15:30;Strada Urbana;PIAZZA DELL'ESQUILINO;in prossimità;;del civico n.;6;;Scontro laterale fra veicoli in marcia;Curva a visuale libera;Una carreggiata a doppio senso;Asciutto;Asfaltata;Verticale;Nuvoloso;Normale;Buona;Ore Diurne;0;0;0;3;12,4975;41,89869;-1;2;Autovettura pubblica;In marcia / fermata / arresto;Conducente;M;Illeso;0;;Non accertato;Inesploso
3527758;1;27/10/2017 17:30;Strada Urbana;VIALE DELLE TERME DI CARACALLA;da specificare;;;;in prossimità albero N.80;Scontro frontale/laterale DX fra veicoli in marcia;Rettilineo;Una carreggiata a doppio senso;Asciutto;Asfaltata;Verticale ed orizzontale;Sereno;Normale;Buona;Ore Diurne;1;0;0;2;12,4952;41,87889;-1;1;Autovettura privata;In marcia / fermata / arresto;Conducente;M;Illeso;0;;Utilizzato;Inesploso
3527758;1;27/10/2017 17:30;Strada Urbana;VIALE DELLE TERME DI CARACALLA;da specificare;;;;in prossimità albero N.80;Scontro frontale/laterale DX fra veicoli in marcia;Rettilineo;Una carreggiata a doppio senso;Asciutto;Asfaltata;Verticale ed orizzontale;Sereno;Normale;Buona;Ore Diurne;1;0;0;2;12,4952;41,87889;-1;1;Autovettura privata;In marcia / fermata / arresto;Passeggero;F;Illeso;0;;Utilizzato;Inesploso
3527758;1;27/10/2017 17:30;Strada Urbana;VIALE DELLE TERME DI CARACALLA;da specificare;;;;in prossimità albero N.80;Scontro frontale/laterale DX fra veicoli in marcia;Rettilineo;Una carreggiata a doppio senso;Asciutto;Asfaltata;Verticale ed orizzontale;Sereno;Normale;Buona;Ore Diurne;1;0;0;2;12,4952;41,87889;-1;2;Motociclo a solo;In marcia / fermata / arresto;Conducente;F;Rimandato;0;NON DECEDUTO;Non accertato;
3527813;1;27/10/2017 22:00;Strada Urbana;PIAZZA DI S. PANTALEO;in corrispondenza;;del civico n.;10;;Veicolo in marcia contro veicolo in sosta;Rettilineo;Una carreggiata a senso unico di marcia;Asciutto;Asfaltata;Verticale ed orizzontale;Sereno;Normale;Buona;Sufficiente;0;0;0;1;12,47273;41,89755;-1;1;Autovettura privata;In marcia / fermata / arresto;Conducente;M;Illeso;0;;Utilizzato;Inesploso
3527820;20;27/10/2017 10:25;Strada Urbana;VIA DI BACCANELLO;all'intersezione con;VIA DI COLLE FEBBRARO;VIA DI COLLE FEBBRARO;;;Scontro frontale/laterale DX fra veicoli in marcia;Intersezione stradale segnalata;Una carreggiata a doppio senso;Asciutto;Asfaltata;Verticale ed orizzontale;Sereno;Normale;Buona;Ore Diurne;2;0;0;1;12,34048;42,06727;-1;1;Autovettura privata;In marcia / fermata / arresto;Conducente;M;Illeso;0;;;
3527820;20;27/10/2017 10:25;Strada Urbana;VIA DI BACCANELLO;all'intersezione con;VIA DI COLLE FEBBRARO;VIA DI COLLE FEBBRARO;;;Scontro frontale/laterale DX fra veicoli in marcia;Intersezione stradale segnalata;Una carreggiata a doppio senso;Asciutto;Asfaltata;Verticale ed orizzontale;Sereno;Normale;Buona;Ore Diurne;2;0;0;1;12,34048;42,06727;-1;1;Autovettura privata;In marcia / fermata / arresto;Passeggero;F;Rimandato;0;NON DECEDUTO;;
3527820;20;27/10/2017 10:25;Strada Urbana;VIA DI BACCANELLO;all'intersezione con;VIA DI COLLE FEBBRARO;VIA DI COLLE FEBBRARO;;;Scontro frontale/laterale DX fra veicoli in marcia;Intersezione stradale segnalata;Una carreggiata a doppio senso;Asciutto;Asfaltata;Verticale ed orizzontale;Sereno;Normale;Buona;Ore Diurne;2;0;0;1;12,34048;42,06727;-1;2;Autovettura privata;In marcia / fermata / arresto;Conducente;F;Rimandato;0;NON DECEDUTO;;
3527822;19;28/10/2017 01:20;Strada Urbana;VIA DEI MONTI DI PRIMAVALLE;in prossimità;;del civico n.;164;;Veicolo in marcia contro veicoli in sosta;Curva a visuale libera;Una carreggiata a doppio senso;Asciutto;Asfaltata;Verticale;Sereno;Normale;Sufficiente;Sufficiente;1;0;0;0;12,41339;41,90899;-1;1;Autovettura privata;In marcia / fermata / arresto;Conducente;M;Rimandato;0;NON DECEDUTO;;
3527837;1;27/10/2017 18:15;Strada Urbana;VIA MARSALA;in prossimità;;del civico n.;71;;Veicolo in marcia contro veicolo fermo;Rettilineo;Una carreggiata a senso unico di marcia;Asciutto;Lastricata;Orizzontale;Sereno;Normale;Sufficiente;Sufficiente;0;0;0;3;12,50654;41,89946;-1;1;Autobus in extraurbana;In marcia / fermata / arresto;Conducente;M;Illeso;0;;Utilizzato;Inesploso
3527837;1;27/10/2017 18:15;Strada Urbana;VIA MARSALA;in prossimità;;del civico n.;71;;Veicolo in marcia contro veicolo fermo;Rettilineo;Una carreggiata a senso unico di marcia;Asciutto;Lastricata;Orizzontale;Sereno;Normale;Sufficiente;Sufficiente;0;0;0;3;12,50654;41,89946;-1;2;Autovettura di polizia;In marcia / fermata / arresto;Conducente;M;Illeso;0;;;
3527837;1;27/10/2017 18:15;Strada Urbana;VIA MARSALA;in prossimità;;del civico n.;71;;Veicolo in marcia contro veicolo fermo;Rettilineo;Una carreggiata a senso unico di marcia;Asciutto;Lastricata;Orizzontale;Sereno;Normale;Sufficiente;Sufficiente;0;0;0;3;12,50654;41,89946;-1;2;Autovettura di polizia;In marcia / fermata / arresto;Passeggero;M;Illeso;0;;;
3527897;2;27/10/2017 10:45;Strada Urbana;VIA SALENTO;in prossimità;;del civico n.;67;;Scontro laterale fra veicoli in marcia;Rettilineo;Una carreggiata a senso unico di marcia;Asciutto;Asfaltata;Verticale ed orizzontale;Sereno;Normale;Buona;Ore Diurne;0;0;0;3;12,52615;41,91811;-1;1;Autovettura privata;In marcia / fermata / arresto;Conducente;M;Illeso;0;;Non accertato;Inesploso
3527897;2;27/10/2017 10:45;Strada Urbana;VIA SALENTO;in prossimità;;del civico n.;67;;Scontro laterale fra veicoli in marcia;Rettilineo;Una carreggiata a senso unico di marcia;Asciutto;Asfaltata;Verticale ed orizzontale;Sereno;Normale;Buona;Ore Diurne;0;0;0;3;12,52615;41,91811;-1;2;Autovettura di polizia;In marcia / fermata / arresto;Conducente;M;Illeso;0;;Non accertato;Inesploso
3527897;2;27/10/2017 10:45;Strada Urbana;VIA SALENTO;in prossimità;;del civico n.;67;;Scontro laterale fra veicoli in marcia;Rettilineo;Una carreggiata a senso unico di marcia;Asciutto;Asfaltata;Verticale ed orizzontale;Sereno;Normale;Buona;Ore Diurne;0;0;0;3;12,52615;41,91811;-1;2;Autovettura di polizia;In marcia / fermata / arresto;Passeggero;M;Illeso;0;;Non accertato;Inesploso
3527898;2;27/10/2017 12:15;Strada Urbana;VIA TOPINO;in prossimità;;del civico n.;32;;Investimento di pedone;Rettilineo;Una carreggiata a doppio senso;Asciutto;Asfaltata;Verticale ed orizzontale;Nuvoloso;Normale;Buona;Ore Diurne;1;0;0;1;12,50951;41,92164;-1;;;;Pedone;F;Rimandato;0;NON DECEDUTO;;
3527898;2;27/10/2017 12:15;Strada Urbana;VIA TOPINO;in prossimità;;del civico n.;32;;Investimento di pedone;Rettilineo;Una carreggiata a doppio senso;Asciutto;Asfaltata;Verticale ed orizzontale;Nuvoloso;Normale;Buona;Ore Diurne;1;0;0;1;12,50951;41,92164;-1;1;Autocarro inferiore 35 q.;In marcia / fermata / arresto;Conducente;M;Illeso;0;;;
3527899;20;27/10/2017 10:00;Strada Urbana;VIA CASSIA;in prossimità;;del civico n.;328;;Scontro frontale/laterale DX fra veicoli in marcia;Rettilineo;Una carreggiata a doppio senso;Asciutto;Asfaltata;Verticale ed orizzontale;Nuvoloso;Normale;Buona;Ore Diurne;0;0;0;2;12,45628;41,95351;-1;1;Autovettura privata;In marcia / fermata / arresto;Conducente;M;Illeso;0;;;
3527899;20;27/10/2017 10:00;Strada Urbana;VIA CASSIA;in prossimità;;del civico n.;328;;Scontro frontale/laterale DX fra veicoli in marcia;Rettilineo;Una carreggiata a doppio senso;Asciutto;Asfaltata;Verticale ed orizzontale;Nuvoloso;Normale;Buona;Ore Diurne;0;0;0;2;12,45628;41,95351;-1;2;Autovettura privata;In marcia / fermata / arresto;Conducente;F;Illeso;0;;;
3527900;2;27/10/2017 12:15;Strada Urbana;VIA LUISA DI SAVOIA;da specificare;;;;alt. via G. D. Romagnosi;Tamponamento;Rettilineo;Una carreggiata a senso unico di marcia;Asciutto;Asfaltata;Verticale ed orizzontale;Nuvoloso;Intenso;Buona;Ore Diurne;1;0;0;1;12,47418;41,9113;-1;1;Autovettura privata;In marcia / fermata / arresto;Conducente;F;Illeso;0;;Non accertato;Inesploso
3527900;2;27/10/2017 12:15;Strada Urbana;VIA LUISA DI SAVOIA;da specificare;;;;alt. via G. D. Romagnosi;Tamponamento;Rettilineo;Una carreggiata a senso unico di marcia;Asciutto;Asfaltata;Verticale ed orizzontale;Nuvoloso;Intenso;Buona;Ore Diurne;1;0;0;1;12,47418;41,9113;-1;2;Motociclo a solo;In marcia / fermata / arresto;Conducente;F;Rifiuta cure immediate;0;NON DECEDUTO;Non accertato;
3527907;2;27/10/2017 14:10;Strada Urbana;CORSO D'ITALIA;in prossimità;;del civico n.;33B;;Scontro frontale fra veicoli in marcia;Rettilineo;Più di due carreggiate;Asciutto;Asfaltata;Verticale ed orizzontale;Nuvoloso;Normale;Buona;Ore Diurne;0;0;0;3;12,49303;41,91143;-1;1;Autovettura privata;In marcia / fermata / arresto;Conducente;F;Illeso;0;;Non accertato;Inesploso
3527907;2;27/10/2017 14:10;Strada Urbana;CORSO D'ITALIA;in prossimità;;del civico n.;33B;;Scontro frontale fra veicoli in marcia;Rettilineo;Più di due carreggiate;Asciutto;Asfaltata;Verticale ed orizzontale;Nuvoloso;Normale;Buona;Ore Diurne;0;0;0;3;12,49303;41,91143;-1;1;Autovettura privata;In marcia / fermata / arresto;Passeggero;M;Illeso;0;;Non accertato;Inesploso
3527907;2;27/10/2017 14:10;Strada Urbana;CORSO D'ITALIA;in prossimità;;del civico n.;33B;;Scontro frontale fra veicoli in marcia;Rettilineo;Più di due carreggiate;Asciutto;Asfaltata;Verticale ed orizzontale;Nuvoloso;Normale;Buona;Ore Diurne;0;0;0;3;12,49303;41,91143;-1;2;Autovettura pubblica;In marcia / fermata / arresto;Conducente;M;Illeso;0;;Non accertato;Inesploso
3527908;2;27/10/2017 16:00;Strada Urbana;VIA ANAPO;all'intersezione con;VIA FOGLIANO;VIA FOGLIANO;;;Scontro laterale fra veicoli in marcia;Intersezione stradale segnalata;Due carreggiate;Asciutto;Asfaltata;Verticale ed orizzontale;Nuvoloso;Normale;Buona;Ore Diurne;0;0;0;3;12,50684;41,92611;-1;1;Autovettura privata;In marcia / fermata / arresto;Conducente;F;Illeso;0;;Non accertato;Inesploso
3527908;2;27/10/2017 16:00;Strada Urbana;VIA ANAPO;all'intersezione con;VIA FOGLIANO;VIA FOGLIANO;;;Scontro laterale fra veicoli in marcia;Intersezione stradale segnalata;Due carreggiate;Asciutto;Asfaltata;Verticale ed orizzontale;Nuvoloso;Normale;Buona;Ore Diurne;0;0;0;3;12,50684;41,92611;-1;2;Autovettura privata;In marcia / fermata / arresto;Conducente;F;Illeso;0;;Non accertato;Inesploso
3527908;2;27/10/2017 16:00;Strada Urbana;VIA ANAPO;all'intersezione con;VIA FOGLIANO;VIA FOGLIANO;;;Scontro laterale fra veicoli in marcia;Intersezione stradale segnalata;Due carreggiate;Asciutto;Asfaltata;Verticale ed orizzontale;Nuvoloso;Normale;Buona;Ore Diurne;0;0;0;3;12,50684;41,92611;-1;2;Autovettura privata;In marcia / fermata / arresto;Passeggero;F;Illeso;0;;Non accertato;Inesploso
3527997;20;26/10/2017 22:00;Strada Urbana;VIA RONCIGLIONE;in prossimità;;del civico n.;6;;Veicolo in marcia contro ostacolo fisso;Rettilineo;Una carreggiata a senso unico di marcia;Asciutto;Asfaltata;Assente;Sereno;Scarso;Sufficiente;Sufficiente;0;0;0;1;12,4658;41,94233;-1;1;Autovettura privata;In marcia / fermata / arresto;Conducente;F;Illeso;0;;;
3528068;20;28/10/2017;Regionale;VIA FLAMINIA;in prossimità;;del civico n.;1984;;Ribaltamento senza urto contro ostacolo fisso;Rettilineo;Una carreggiata a doppio senso;Asciutto;Asfaltata;Verticale;Sereno;Scarso;Insufficiente;Inesistente;0;0;0;1;12,4875;42,05807;-1;1;Autovettura privata;In marcia / fermata / arresto;Conducente;M;Illeso;0;;Non accertato;Inesploso
3528094;20;27/10/2017 09:35;Regionale entro l'abitato;VIA FLAMINIA;all'intersezione con;VIA DI VALLE VESCOVO;VIA DI VALLE VESCOVO;;;Tamponamento;Intersezione stradale segnalata;Due carreggiate;Asciutto;Asfaltata;Verticale ed orizzontale;Sereno;Intenso;Buona;Ore Diurne;1;0;0;1;12,48733;41,96254;-1;1;Autovettura privata;In marcia / fermata / arresto;Conducente;F;Illeso;0;;Non accertato;Inesploso
3528094;20;27/10/2017 09:35;Regionale entro l'abitato;VIA FLAMINIA;all'intersezione con;VIA DI VALLE VESCOVO;VIA DI VALLE VESCOVO;;;Tamponamento;Intersezione stradale segnalata;Due carreggiate;Asciutto;Asfaltata;Verticale ed orizzontale;Sereno;Intenso;Buona;Ore Diurne;1;0;0;1;12,48733;41,96254;-1;2;Autovettura privata;In marcia / fermata / arresto;Conducente;F;Rimandato;0;NON DECEDUTO;Non accertato;Inesploso
3528116;9;27/10/2017 10:50;;VIA CASILINA;da specificare;;;;altezza VIA ORTI VARIANI;Veicolo in marcia contro ostacolo accidentale;;;;;;;;;;0;0;0;1;;;0;1;Autovettura privata;In marcia / fermata / arresto;Conducente;M;Illeso;0;;;
3528120;6;28/10/2017 11:40;Strada Urbana;VIA LEONARDO BUFALINI;in prossimità;;del civico n.;10;;Veicolo in marcia contro veicolo in sosta;Rettilineo;Due carreggiate;Asciutto;Asfaltata;Orizzontale;Sereno;Normale;Buona;Ore Diurne;0;0;0;1;12,53877;41,88166;-1;2;Autovettura privata;In marcia / fermata / arresto;Conducente;F;Illeso;0;;;
3528122;9;28/10/2017 02:00;Strada Urbana;CIRCONVALLAZIONE CASILINA;all'intersezione con;VIA CASILINA;VIA CASILINA;;;Scontro laterale fra veicoli in marcia;Intersezione non regolata/non segnalata;Una carreggiata a senso unico di marcia;Asciutto;Asfaltata;Verticale ed orizzontale;Sereno;Scarso;Sufficiente;Sufficiente;0;0;0;3;12,52752;41,88653;-1;1;Autovettura privata;In marcia / fermata / arresto;Conducente;M;Illeso;0;;Non accertato;Inesploso
3528122;9;28/10/2017 02:00;Strada Urbana;CIRCONVALLAZIONE CASILINA;all'intersezione con;VIA CASILINA;VIA CASILINA;;;Scontro laterale fra veicoli in marcia;Intersezione non regolata/non segnalata;Una carreggiata a senso unico di marcia;Asciutto;Asfaltata;Verticale ed orizzontale;Sereno;Scarso;Sufficiente;Sufficiente;0;0;0;3;12,52752;41,88653;-1;1;Autovettura privata;In marcia / fermata / arresto;Passeggero;F;Illeso;0;;Non accertato;Inesploso
3528122;9;28/10/2017 02:00;Strada Urbana;CIRCONVALLAZIONE CASILINA;all'intersezione con;VIA CASILINA;VIA CASILINA;;;Scontro laterale fra veicoli in marcia;Intersezione non regolata/non segnalata;Una carreggiata a senso unico di marcia;Asciutto;Asfaltata;Verticale ed orizzontale;Sereno;Scarso;Sufficiente;Sufficiente;0;0;0;3;12,52752;41,88653;-1;2;Autocarro inferiore 35 q.;In marcia / fermata / arresto;Conducente;M;Illeso;0;;Non accertato;Inesistente
3528162;1;28/10/2017 08:45;Strada Urbana;VIA MARMORATA;in corrispondenza;;del civico n.;175;;Infortunio per sola frenata improvvisa;Rettilineo;Una carreggiata a doppio senso;Asciutto;Asfaltata;Verticale ed orizzontale;Sereno;Scarso;Buona;Ore Diurne;1;0;0;1;12,47646;41,88219;-1;1;Autovettura privata;In marcia / fermata / arresto;Conducente;M;Illeso;0;;Non accertato;
3528162;1;28/10/2017 08:45;Strada Urbana;VIA MARMORATA;in corrispondenza;;del civico n.;175;;Infortunio per sola frenata improvvisa;Rettilineo;Una carreggiata a doppio senso;Asciutto;Asfaltata;Verticale ed orizzontale;Sereno;Scarso;Buona;Ore Diurne;1;0;0;1;12,47646;41,88219;-1;2;Motociclo a solo;In marcia / fermata / arresto;Conducente;M;Rimandato;0;NON DECEDUTO;Non accertato;
3528175;1;28/10/2017 11:00;Strada Urbana;VIA DELLA FERRATELLA IN LATERANO;all'intersezione semaforizzata con;VIA DEI LATERANI;VIA DEI LATERANI;;;Scontro laterale fra veicoli in marcia;Intersezione semaforizzata;Una carreggiata a senso unico di marcia;Asciutto;Asfaltata;Verticale ed orizzontale;Sereno;Normale;Buona;Ore Diurne;0;0;0;2;12,50094;41,88328;-1;1;Motociclo a solo;In marcia / fermata / arresto;Conducente;M;Illeso;0;;Utilizzato;
3528175;1;28/10/2017 11:00;Strada Urbana;VIA DELLA FERRATELLA IN LATERANO;all'intersezione semaforizzata con;VIA DEI LATERANI;VIA DEI LATERANI;;;Scontro laterale fra veicoli in marcia;Intersezione semaforizzata;Una carreggiata a senso unico di marcia;Asciutto;Asfaltata;Verticale ed orizzontale;Sereno;Normale;Buona;Ore Diurne;0;0;0;2;12,50094;41,88328;-1;2;Autocarro inferiore 35 q.;In marcia / fermata / arresto;Conducente;M;Illeso;0;;Utilizzato;
3528778;8;28/10/2017 11:40;Provinciale entro l'abitato;VIA DI SALONE;da specificare;;;;80 m prima della rotatoria di Via Collatina;Tamponamento Multiplo;Rettilineo;Una carreggiata a doppio senso;Asciutto;Asfaltata;Verticale;Sereno;Normale;Buona;Ore Diurne;1;0;0;3;12,6265;41,9316;-1;1;Autovettura privata;In marcia / fermata / arresto;Conducente;M;Illeso;0;;;Inesploso
3528778;8;28/10/2017 11:40;Provinciale entro l'abitato;VIA DI SALONE;da specificare;;;;80 m prima della rotatoria di Via Collatina;Tamponamento Multiplo;Rettilineo;Una carreggiata a doppio senso;Asciutto;Asfaltata;Verticale;Sereno;Normale;Buona;Ore Diurne;1;0;0;3;12,6265;41,9316;-1;1;Autovettura privata;In marcia / fermata / arresto;Passeggero;F;Illeso;0;;;Inesploso
3528778;8;28/10/2017 11:40;Provinciale entro l'abitato;VIA DI SALONE;da specificare;;;;80 m prima della rotatoria di Via Collatina;Tamponamento Multiplo;Rettilineo;Una carreggiata a doppio senso;Asciutto;Asfaltata;Verticale;Sereno;Normale;Buona;Ore Diurne;1;0;0;3;12,6265;41,9316;-1;2;Autovettura privata;In marcia / fermata / arresto;Conducente;M;Illeso;0;;;Inesploso
3528778;8;28/10/2017 11:40;Provinciale entro l'abitato;VIA DI SALONE;da specificare;;;;80 m prima della rotatoria di Via Collatina;Tamponamento Multiplo;Rettilineo;Una carreggiata a doppio senso;Asciutto;Asfaltata;Verticale;Sereno;Normale;Buona;Ore Diurne;1;0;0;3;12,6265;41,9316;-1;3;Autovettura privata;In marcia / fermata / arresto;Conducente;M;Rimandato;0;NON DECEDUTO;;