Protocollo;Gruppo;DataOraIncidente;Localizzazione1;STRADA1;Localizzazione2;STRADA2;Strada02;Chilometrica;DaSpecificare;NaturaIncidente;particolaritastrade;TipoStrada;FondoStradale;Pavimentazione;Segnaletica;CondizioneAtmosferica;Traffico;Visibilita;Illuminazione;NUM_FERITI;NUM_RISERVATA;NUM_MORTI;NUM_ILLESI;Longitudine;Latitudine;Confermato;Progressivo;TipoVeicolo;StatoVeicolo;TipoPersona;Sesso;Tipolesione;Deceduto;DecedutoDopo;CinturaCascoUtilizzato;Airbag
3531354;6;31/10/2017 00:10;Strada Urbana;VIA SESTIO CALVINO;all'intersezione con;VIA QUINTILIO VARO;VIA QUINTILIO VARO;;;Scontro frontale/laterale SX fra veicoli in marcia;Incrocio;Una carreggiata a senso unico di marcia;Asciutto;Asfaltata;Verticale ed orizzontale;Sereno;Scarso;Buona;Sufficiente;1;0;0;2;12,5651;41,85362;-1;1;Autovettura privata;In marcia / fermata / arresto;Conducente;M;Rifiuta cure immediate;0;NON DECEDUTO;Non accertato;Esploso
3531354;6;31/10/2017 00:10;Strada Urbana;VIA SESTIO CALVINO;all'intersezione con;VIA QUINTILIO VARO;VIA QUINTILIO VARO;;;Scontro frontale/laterale SX fra veicoli in marcia;Incrocio;Una carreggiata a senso unico di marcia;Asciutto;Asfaltata;Verticale ed orizzontale;Sereno;Scarso;Buona;Sufficiente;1;0;0;2;12,5651;41,85362;-1;2;Autovettura privata;In marcia / fermata / arresto;Conducente;M;Illeso;0;;Non accertato;Inesploso
3531354;6;31/10/2017 00:10;Strada Urbana;VIA SESTIO CALVINO;all'intersezione con;VIA QUINTILIO VARO;VIA QUINTILIO VARO;;;Scontro frontale/laterale SX fra veicoli in marcia;Incrocio;Una carreggiata a senso unico di marcia;Asciutto;Asfaltata;Verticale ed orizzontale;Sereno;Scarso;Buona;Sufficiente;1;0;0;2;12,5651;41,85362;-1;2;Autovettura privata;In marcia / fermata / arresto;Passeggero;F;Illeso;0;;Non accertato;Inesploso
3531373;11;30/10/2017 18:00;Strada Urbana;VIALE GUGLIELMO MARCONI;all'intersezione semaforizzata con;VIA SALVATORE PINCHERLE;VIA SALVATORE PINCHERLE;;;Scontro laterale fra veicoli in marcia;Intersezione semaforizzata;Due carreggiate;Asciutto;Asfaltata;Verticale ed orizzontale;Nuvoloso;Intenso;Buona;Sufficiente;0;0;0;4;12,47316;41,85243;-1;1;Autovettura privata;In marcia / fermata / arresto;Conducente;F;Illeso;0;;Non accertato;
3531373;11;30/10/2017 18:00;Strada Urbana;VIALE GUGLIELMO MARCONI;all'intersezione semaforizzata con;VIA SALVATORE PINCHERLE;VIA SALVATORE PINCHERLE;;;Scontro laterale fra veicoli in marcia;Intersezione semaforizzata;Due carreggiate;Asciutto;Asfaltata;Verticale ed orizzontale;Nuvoloso;Intenso;Buona;Sufficiente;0;0;0;4;12,47316;41,85243;-1;1;Autovettura privata;In marcia / fermata / arresto;Passeggero;M;Illeso;0;;Non accertato;
3531373;11;30/10/2017 18:00;Strada Urbana;VIALE GUGLIELMO MARCONI;all'intersezione semaforizzata con;VIA SALVATORE PINCHERLE;VIA SALVATORE PINCHERLE;;;Scontro laterale fra veicoli in marcia;Intersezione semaforizzata;Due carreggiate;Asciutto;Asfaltata;Verticale ed orizzontale;Nuvoloso;Intenso;Buona;Sufficiente;0;0;0;4;12,47316;41,85243;-1;2;Macchina operatrice;In marcia / fermata / arresto;Conducente;M;Illeso;0;;Non accertato;
3531373;11;30/10/2017 18:00;Strada Urbana;VIALE GUGLIELMO MARCONI;all'intersezione semaforizzata con;VIA SALVATORE PINCHERLE;VIA SALVATORE PINCHERLE;;;Scontro laterale fra veicoli in marcia;Intersezione semaforizzata;Due carreggiate;Asciutto;Asfaltata;Verticale ed orizzontale;Nuvoloso;Intenso;Buona;Sufficiente;0;0;0;4;12,47316;41,85243;-1;2;Macchina operatrice;In marcia / fermata / arresto;Passeggero;M;Illeso;0;;Non accertato;
3531377;15;30/10/2017 20:45;Strada Urbana;VIA ANTONIO PACINOTTI;in prossimità;;del civico n.;81;;Scontro laterale fra veicoli in marcia;Rettilineo;Una carreggiata a doppio senso;Asciutto;Asfaltata;Orizzontale;Sereno;Scarso;Buona;Sufficiente;1;0;0;3;12,4704;41,8716;-1;1;Autovettura privata;In marcia / fermata / arresto;Conducente;M;Illeso;0;;Non accertato;Inesploso
3531377;15;30/10/2017 20:45;Strada Urbana;VIA ANTONIO PACINOTTI;in prossimità;;del civico n.;81;;Scontro laterale fra veicoli in marcia;Rettilineo;Una carreggiata a doppio senso;Asciutto;Asfaltata;Orizzontale;Sereno;Scarso;Buona;Sufficiente;1;0;0;3;12,4704;41,8716;-1;1;Autovettura privata;In marcia / fermata / arresto;Passeggero;M;Illeso;0;;;
3531377;15;30/10/2017 20:45;Strada Urbana;VIA ANTONIO PACINOTTI;in prossimità;;del civico n.;81;;Scontro laterale fra veicoli in marcia;Rettilineo;Una carreggiata a doppio senso;Asciutto;Asfaltata;Orizzontale;Sereno;Scarso;Buona;Sufficiente;1;0;0;3;12,4704;41,8716;-1;1;Autovettura privata;In marcia / fermata / arresto;Passeggero;M;Illeso;0;;Non accertato;Inesploso
3531377;15;30/10/2017 20:45;Strada Urbana;VIA ANTONIO PACINOTTI;in prossimità;;del civico n.;81;;Scontro laterale fra veicoli in marcia;Rettilineo;Una carreggiata a doppio senso;Asciutto;Asfaltata;Orizzontale;Sereno;Scarso;Buona;Sufficiente;1;0;0;3;12,4704;41,8716;-1;2;Motociclo a solo;In marcia / fermata / arresto;Conducente;M;Rifiuta cure immediate;0;NON DECEDUTO;Non accertato;
3531383;6;30/10/2017 21:50;Strada Urbana;VIALE GIOVANNI BATTISTA VALENTE;all'intersezione con;VIA COLLATINA;VIA COLLATINA;;;Investimento di pedone;Incrocio;Una carreggiata a doppio senso;Asciutto;Asfaltata;Verticale ed orizzontale;Sereno;Normale;Sufficiente;Ore Diurne;1;0;0;2;12,56645;41,90006;-1;;;;Pedone;F;Rimandato;0;NON DECEDUTO;;
3531383;6;30/10/2017 21:50;Strada Urbana;VIALE GIOVANNI BATTISTA VALENTE;all'intersezione con;VIA COLLATINA;VIA COLLATINA;;;Investimento di pedone;Incrocio;Una carreggiata a doppio senso;Asciutto;Asfaltata;Verticale ed orizzontale;Sereno;Normale;Sufficiente;Ore Diurne;1;0;0;2;12,56645;41,90006;-1;1;Autovettura privata;In marcia / fermata / arresto;Conducente;F;Illeso;0;;Non accertato;Inesploso
3531383;6;30/10/2017 21:50;Strada Urbana;VIALE GIOVANNI BATTISTA VALENTE;all'intersezione con;VIA COLLATINA;VIA COLLATINA;;;Investimento di pedone;Incrocio;Una carreggiata a doppio senso;Asciutto;Asfaltata;Verticale ed orizzontale;Sereno;Normale;Sufficiente;Ore Diurne;1;0;0;2;12,56645;41,90006;-1;1;Autovettura privata;In marcia / fermata / arresto;Passeggero;F;Illeso;0;;Non accertato;Inesploso
3531386;8;30/10/2017 12:15;Statale entro l'abitato;VIA CASILINA;in corrispondenza;;del civico n.;1208;;Scontro laterale fra veicoli in marcia;Rettilineo;Una carreggiata a doppio senso;Asciutto;Asfaltata;Orizzontale;Nuvoloso;Normale;Buona;Ore Diurne;0;0;0;2;12,60758;41,86399;-1;1;Autocarro inferiore 35 q.;In marcia / fermata / arresto;Conducente;M;Illeso;0;;Non accertato;Inesploso
3531386;8;30/10/2017 12:15;Statale entro l'abitato;VIA CASILINA;in corrispondenza;;del civico n.;1208;;Scontro laterale fra veicoli in marcia;Rettilineo;Una carreggiata a doppio senso;Asciutto;Asfaltata;Orizzontale;Nuvoloso;Normale;Buona;Ore Diurne;0;0;0;2;12,60758;41,86399;-1;2;Autovettura privata;In marcia / fermata / arresto;Conducente;M;Illeso;0;;Non accertato;Inesploso
3531390;8;30/10/2017 17:15;Strada Urbana;VIA DI ROCCA CENCIA;in corrispondenza;;del civico n.;177;;Tamponamento;Rettilineo;Una carreggiata a doppio senso;Asciutto;Asfaltata;Verticale ed orizzontale;Nuvoloso;Normale;Sufficiente;Sufficiente;2;0;0;1;12,69513;41,88232;-1;1;Autovettura privata;In marcia / fermata / arresto;Conducente;M;Ricoverato;0;NON DECEDUTO;Non accertato;
3531390;8;30/10/2017 17:15;Strada Urbana;VIA DI ROCCA CENCIA;in corrispondenza;;del civico n.;177;;Tamponamento;Rettilineo;Una carreggiata a doppio senso;Asciutto;Asfaltata;Verticale ed orizzontale;Nuvoloso;Normale;Sufficiente;Sufficiente;2;0;0;1;12,69513;41,88232;-1;1;Autovettura privata;In marcia / fermata / arresto;Passeggero;M;Ricoverato;0;NON DECEDUTO;Non accertato;
3531390;8;30/10/2017 17:15;Strada Urbana;VIA DI ROCCA CENCIA;in corrispondenza;;del civico n.;177;;Tamponamento;Rettilineo;Una carreggiata a doppio senso;Asciutto;Asfaltata;Verticale ed orizzontale;Nuvoloso;Normale;Sufficiente;Sufficiente;2;0;0;1;12,69513;41,88232;-1;2;Autocarro inferiore 35 q.;In marcia / fermata / arresto;Conducente;M;Illeso;0;;Non accertato;
3531391;13;30/10/2017 18:15;Strada Urbana;VIALE DEI ROMAGNOLI;in prossimità;;del civico n.;1017;;Tamponamento Multiplo;Rettilineo;Una carreggiata a doppio senso;Asciutto;Asfaltata;Verticale ed orizzontale;Nuvoloso;Normale;Buona;Ore Diurne;0;0;0;4;12,31412;41,76571;-1;1;Autovettura privata;In marcia / fermata / arresto;Conducente;M;Illeso;0;;Non accertato;Inesploso
3531391;13;30/10/2017 18:15;Strada Urbana;VIALE DEI ROMAGNOLI;in prossimità;;del civico n.;1017;;Tamponamento Multiplo;Rettilineo;Una carreggiata a doppio senso;Asciutto;Asfaltata;Verticale ed orizzontale;Nuvoloso;Normale;Buona;Ore Diurne;0;0;0;4;12,31412;41,76571;-1;2;Autovettura privata;In marcia / fermata / arresto;Conducente;M;Illeso;0;;Non accertato;Inesploso
3531391;13;30/10/2017 18:15;Strada Urbana;VIALE DEI ROMAGNOLI;in prossimità;;del civico n.;1017;;Tamponamento Multiplo;Rettilineo;Una carreggiata a doppio senso;Asciutto;Asfaltata;Verticale ed orizzontale;Nuvoloso;Normale;Buona;Ore Diurne;0;0;0;4;12,31412;41,76571;-1;3;Autovettura privata;In marcia / fermata / arresto;Conducente;F;Illeso;0;;Non accertato;Inesploso
3531391;13;30/10/2017 18:15;Strada Urbana;VIALE DEI ROMAGNOLI;in prossimità;;del civico n.;1017;;Tamponamento Multiplo;Rettilineo;Una carreggiata a doppio senso;Asciutto;Asfaltata;Verticale ed orizzontale;Nuvoloso;Normale;Buona;Ore Diurne;0;0;0;4;12,31412;41,76571;-1;3;Autovettura privata;In marcia / fermata / arresto;Passeggero;M;Illeso;0;;;
3531392;8;30/10/2017 12:15;Strada Urbana;VIA AMICO ASPERTINI;all'intersezione con;VIALE PIETRO ANDERLONI;VIALE PIETRO ANDERLONI;;;Scontro frontale/laterale SX fra veicoli in marcia;Intersezione stradale segnalata;Una carreggiata a doppio senso;Asciutto;Asfaltata;Verticale ed orizzontale;Nuvoloso;Normale;Buona;Ore Diurne;2;0;0;0;12,62994;41,87279;-1;1;Autovettura privata;In marcia / fermata / arresto;Conducente;M;Rifiuta cure immediate;0;NON DECEDUTO;Non accertato;
3531392;8;30/10/2017 12:15;Strada Urbana;VIA AMICO ASPERTINI;all'intersezione con;VIALE PIETRO ANDERLONI;VIALE PIETRO ANDERLONI;;;Scontro frontale/laterale SX fra veicoli in marcia;Intersezione stradale segnalata;Una carreggiata a doppio senso;Asciutto;Asfaltata;Verticale ed orizzontale;Nuvoloso;Normale;Buona;Ore Diurne;2;0;0;0;12,62994;41,87279;-1;2;Autocarro inferiore 35 q.;In marcia / fermata / arresto;Conducente;M;Rifiuta cure immediate;0;NON DECEDUTO;Non accertato;
3531399;8;30/10/2017 06:00;Statale entro l'abitato;VIA CASILINA;in prossimità;;del civico n.;1829;;Investimento di pedone;Rettilineo;Una carreggiata a doppio senso;Asciutto;Asfaltata;Verticale ed orizzontale;Sereno;Scarso;Sufficiente;Sufficiente;1;0;0;1;12,68549;41,86278;-1;;;;Pedone;M;Rimandato;0;NON DECEDUTO;;
3531399;8;30/10/2017 06:00;Statale entro l'abitato;VIA CASILINA;in prossimità;;del civico n.;1829;;Investimento di pedone;Rettilineo;Una carreggiata a doppio senso;Asciutto;Asfaltata;Verticale ed orizzontale;Sereno;Scarso;Sufficiente;Sufficiente;1;0;0;1;12,68549;41,86278;-1;1;Autovettura privata;In marcia / fermata / arresto;Conducente;F;Illeso;0;;Non accertato;Inesploso
3531403;11;30/10/2017 19:35;Strada Urbana;VIA DEL COMMERCIO;in corrispondenza;;del civico n.;38;;Scontro laterale fra veicoli in marcia;Rettilineo;Una carreggiata a doppio senso;Asciutto;Asfaltata;Verticale ed orizzontale;Sereno;Scarso;Buona;Sufficiente;1;0;0;3;12,47582;41,87114;-1;1;Motociclo a solo;In marcia / fermata / arresto;Conducente;M;Rifiuta cure immediate;0;NON DECEDUTO;Non accertato;
3531403;11;30/10/2017 19:35;Strada Urbana;VIA DEL COMMERCIO;in corrispondenza;;del civico n.;38;;Scontro laterale fra veicoli in marcia;Rettilineo;Una carreggiata a doppio senso;Asciutto;Asfaltata;Verticale ed orizzontale;Sereno;Scarso;Buona;Sufficiente;1;0;0;3;12,47582;41,87114;-1;1;Motociclo a solo;In marcia / fermata / arresto;Passeggero;F;Illeso;0;;Non accertato;
3531403;11;30/10/2017 19:35;Strada Urbana;VIA DEL COMMERCIO;in corrispondenza;;del civico n.;38;;Scontro laterale fra veicoli in marcia;Rettilineo;Una carreggiata a doppio senso;Asciutto;Asfaltata;Verticale ed orizzontale;Sereno;Scarso;Buona;Sufficiente;1;0;0;3;12,47582;41,87114;-1;2;Autovettura privata;In marcia / fermata / arresto;Conducente;M;Illeso;0;;Non accertato;
3531403;11;30/10/2017 19:35;Strada Urbana;VIA DEL COMMERCIO;in corrispondenza;;del civico n.;38;;Scontro laterale fra veicoli in marcia;Rettilineo;Una carreggiata a doppio senso;Asciutto;Asfaltata;Verticale ed orizzontale;Sereno;Scarso;Buona;Sufficiente;1;0;0;3;12,47582;41,87114;-1;2;Autovettura privata;In marcia / fermata / arresto;Passeggero;M;Illeso;0;;Non accertato;
3531405;19;30/10/2017 18:35;Strada Urbana;VIA DELLA PINETA SACCHETTI;da specificare;;;;snc (circa 15 metri dopo l'intersez. Via A. ZERI;Tamponamento;Rettilineo;Una carreggiata a senso unico di marcia;Asciutto;Asfaltata;Verticale ed orizzontale;Nuvoloso;Intenso;Sufficiente;Sufficiente;0;0;0;4;12,42441;41,92313;-1;1;Autovettura privata;In marcia / fermata / arresto;Conducente;M;Illeso;0;;Non accertato;
3531405;19;30/10/2017 18:35;Strada Urbana;VIA DELLA PINETA SACCHETTI;da specificare;;;;snc (circa 15 metri dopo l'intersez. Via A. ZERI;Tamponamento;Rettilineo;Una carreggiata a senso unico di marcia;Asciutto;Asfaltata;Verticale ed orizzontale;Nuvoloso;Intenso;Sufficiente;Sufficiente;0;0;0;4;12,42441;41,92313;-1;1;Autovettura privata;In marcia / fermata / arresto;Passeggero;F;Illeso;0;;Non accertato;
3531405;19;30/10/2017 18:35;Strada Urbana;VIA DELLA PINETA SACCHETTI;da specificare;;;;snc (circa 15 metri dopo l'intersez. Via A. ZERI;Tamponamento;Rettilineo;Una carreggiata a senso unico di marcia;Asciutto;Asfaltata;Verticale ed orizzontale;Nuvoloso;Intenso;Sufficiente;Sufficiente;0;0;0;4;12,42441;41,92313;-1;2;Autovettura privata;In marcia / fermata / arresto;Conducente;M;Illeso;0;;Non accertato;
3531405;19;30/10/2017 18:35;Strada Urbana;VIA DELLA PINETA SACCHETTI;da specificare;;;;snc (circa 15 metri dopo l'intersez. Via A. ZERI;Tamponamento;Rettilineo;Una carreggiata a senso unico di marcia;Asciutto;Asfaltata;Verticale ed orizzontale;Nuvoloso;Intenso;Sufficiente;Sufficiente;0;0;0;4;12,42441;41,92313;-1;2;Autovettura privata;In marcia / fermata / arresto;Passeggero;F;Illeso;0;;Non accertato;
3531408;5;30/10/2017 14:00;Strada Urbana;VIALE BATTISTA BARDANZELLU;in prossimità;;del civico n.;93;;Veicolo in marcia contro veicoli in sosta;Rettilineo;Due carreggiate;Asciutto;Asfaltata;Assente;Sereno;Normale;Buona;Ore Diurne;1;0;0;0;12,57819;41,91439;-1;1;Autovettura privata;In marcia / fermata / arresto;Conducente;M;Rimandato;0;NON DECEDUTO;Non accertato;
3531412;20;30/10/2017 21:40;Strada Urbana;VIA DI GROTTAROSSA;da specificare;;;;in prossimità di via Bassanello;Infortunio per sola frenata improvvisa;Rettilineo;Due carreggiate;Asciutto;Asfaltata;Verticale ed orizzontale;Nuvoloso;Scarso;Buona;Sufficiente;1;0;0;1;12,44378;41,9729;-1;1;Autobus di linea;In marcia / fermata / arresto;Conducente;M;Illeso;0;;;
3531412;20;30/10/2017 21:40;Strada Urbana;VIA DI GROTTAROSSA;da specificare;;;;in prossimità di via Bassanello;Infortunio per sola frenata improvvisa;Rettilineo;Due carreggiate;Asciutto;Asfaltata;Verticale ed orizzontale;Nuvoloso;Scarso;Buona;Sufficiente;1;0;0;1;12,44378;41,9729;-1;1;Autobus di linea;In marcia / fermata / arresto;Passeggero;F;Rimandato;0;NON DECEDUTO;;
3531413;11;30/10/2017 20:30;Strada Urbana;VIALE GUGLIELMO MASSAIA;all'intersezione con;PIAZZA ODERICO DA PORDENONE;PIAZZA ODERICO DA PORDENONE;;;Investimento di pedone;Incrocio;Una carreggiata a doppio senso;Asciutto;Asfaltata;Verticale ed orizzontale;Sereno;Scarso;Sufficiente;Sufficiente;1;0;0;1;12,49469;41,86001;-1;;;;Pedone;M;Rimandato;0;NON DECEDUTO;;
3531413;11;30/10/2017 20:30;Strada Urbana;VIALE GUGLIELMO MASSAIA;all'intersezione con;PIAZZA ODERICO DA PORDENONE;PIAZZA ODERICO DA PORDENONE;;;Investimento di pedone;Incrocio;Una carreggiata a doppio senso;Asciutto;Asfaltata;Verticale ed orizzontale;Sereno;Scarso;Sufficiente;Sufficiente;1;0;0;1;12,49469;41,86001;-1;1;Autovettura privata;In marcia / fermata / arresto;Conducente;M;Illeso;0;;;
3531417;1;30/10/2017 10:40;Strada Urbana;VIA FRATTINA;all'intersezione con;VIA DEL GAMBERO;VIA DEL GAMBERO;;;Veicolo in marcia contro ostacolo fisso;Incrocio;Una carreggiata a senso unico di marcia;Asciutto;In cubetti di porfido;Verticale ed orizzontale;Nuvoloso;Scarso;Buona;Ore Diurne;0;0;0;1;12,48114;41,90418;-1;1;Autocarro inferiore 35 q.;In marcia / fermata / arresto;Conducente;M;Illeso;0;;Non accertato;
3531422;18;29/10/2017 12:30;Statale;VIA AURELIA;in prossimità;;della chilometrica;14.8;;Tamponamento;Curva a visuale libera;Due carreggiate;Asciutto;Asfaltata;Verticale ed orizzontale;Sereno;Normale;Buona;Ore Diurne;1;0;0;1;12,40555;41,88836;-1;1;Autovettura privata;In marcia / fermata / arresto;Conducente;M;Illeso;0;;Non accertato;Inesploso
3531422;18;29/10/2017 12:30;Statale;VIA AURELIA;in prossimità;;della chilometrica;14.8;;Tamponamento;Curva a visuale libera;Due carreggiate;Asciutto;Asfaltata;Verticale ed orizzontale;Sereno;Normale;Buona;Ore Diurne;1;0;0;1;12,40555;41,88836;-1;2;Velocipede;In marcia / fermata / arresto;Conducente;M;Ricoverato;0;NON DECEDUTO;Esente;
3531424;18;30/10/2017 17:00;Strada Urbana;VIA AURELIA;da specificare;;;;KM 12+100 DIREZIONE CIVITAVECCHIA;Veicolo in marcia contro ostacolo accidentale;Rettilineo;Due carreggiate;Asciutto;Asfaltata;Verticale ed orizzontale;Sereno;Normale;Sufficiente;Sufficiente;0;0;0;1;12,36006;41,88401;-1;1;Autovettura privata;In marcia / fermata / arresto;Conducente;F;Illeso;0;;Non accertato;Inesploso
3531425;5;30/10/2017 18:00;Strada Urbana;VIA TIBURTINA;da specificare;;;;in prossimità via Fossacesia dir. Roma centro;Tamponamento Multiplo;Rettilineo;Una carreggiata a doppio senso;Asciutto;Asfaltata;Verticale ed orizzontale;Sereno;Normale;Sufficiente;Ore Diurne;1;0;0;2;12,57391;41,92581;-1;1;Autovettura privata;In marcia / fermata / arresto;Conducente;M;Illeso;0;;Non accertato;Inesploso
3531425;5;30/10/2017 18:00;Strada Urbana;VIA TIBURTINA;da specificare;;;;in prossimità via Fossacesia dir. Roma centro;Tamponamento Multiplo;Rettilineo;Una carreggiata a doppio senso;Asciutto;Asfaltata;Verticale ed orizzontale;Sereno;Normale;Sufficiente;Ore Diurne;1;0;0;2;12,57391;41,92581;-1;2;Autovettura privata;In marcia / fermata / arresto;Conducente;F;Rimandato;0;NON DECEDUTO;Non accertato;Inesploso
3531425;5;30/10/2017 18:00;Strada Urbana;VIA TIBURTINA;da specificare;;;;in prossimità via Fossacesia dir. Roma centro;Tamponamento Multiplo;Rettilineo;Una carreggiata a doppio senso;Asciutto;Asfaltata;Verticale ed orizzontale;Sereno;Normale;Sufficiente;Ore Diurne;1;0;0;2;12,57391;41,92581;-1;3;Autovettura privata;In marcia / fermata / arresto;Conducente;M;Illeso;0;;Non accertato;Inesploso
3531436;18;30/10/2017 08:30;Strada Urbana;VICOLO DI CASALOTTI;da specificare;;;;IN PROSSIMITA' DI VIA DI CASALOTTI;Scontro laterale fra veicoli in marcia;Rettilineo;Una carreggiata a doppio senso;Asciutto;Asfaltata;Verticale ed orizzontale;Sereno;Intenso;Buona;Ore Diurne;0;0;0;2;12,36863;41,91732;-1;1;Autovettura privata;In marcia / fermata / arresto;Conducente;M;Illeso;0;;;
3531436;18;30/10/2017 08:30;Strada Urbana;VICOLO DI CASALOTTI;da specificare;;;;IN PROSSIMITA' DI VIA DI CASALOTTI;Scontro laterale fra veicoli in marcia;Rettilineo;Una carreggiata a doppio senso;Asciutto;Asfaltata;Verticale ed orizzontale;Sereno;Intenso;Buona;Ore Diurne;0;0;0;2;12,36863;41,91732;-1;2;Autovettura privata;In marcia / fermata / arresto;Conducente;F;Illeso;0;;;
3531440;5;30/10/2017 16:15;Strada Urbana;VIA DEI CRISPOLTI;all'intersezione con;VIA YAMBO;VIA YAMBO;;;Scontro frontale/laterale DX fra veicoli in marcia;Incrocio;Due carreggiate;Asciutto;Asfaltata;Verticale ed orizzontale;Sereno;Normale;Buona;Ore Diurne;1;0;0;3;12,5492;41,9089;-1;1;Autovettura privata;In marcia / fermata / arresto;Conducente;M;Illeso;0;;Non accertato;Inesploso
3531440;5;30/10/2017 16:15;Strada Urbana;VIA DEI CRISPOLTI;all'intersezione con;VIA YAMBO;VIA YAMBO;;;Scontro frontale/laterale DX fra veicoli in marcia;Incrocio;Due carreggiate;Asciutto;Asfaltata;Verticale ed orizzontale;Sereno;Normale;Buona;Ore Diurne;1;0;0;3;12,5492;41,9089;-1;1;Autovettura privata;In marcia / fermata / arresto;Passeggero;F;Rimandato;0;NON DECEDUTO;Non accertato;Inesploso
3531440;5;30/10/2017 16:15;Strada Urbana;VIA DEI CRISPOLTI;all'intersezione con;VIA YAMBO;VIA YAMBO;;;Scontro frontale/laterale DX fra veicoli in marcia;Incrocio;Due carreggiate;Asciutto;Asfaltata;Verticale ed orizzontale;Sereno;Normale;Buona;Ore Diurne;1;0;0;3;12,5492;41,9089;-1;2;Autovettura privata;In marcia / fermata / arresto;Conducente;M;Illeso;0;;Non accertato;Inesploso
3531440;5;30/10/2017 16:15;Strada Urbana;VIA DEI CRISPOLTI;all'intersezione con;VIA YAMBO;VIA YAMBO;;;Scontro frontale/laterale DX fra veicoli in marcia;Incrocio;Due carreggiate;Asciutto;Asfaltata;Verticale ed orizzontale;Sereno;Normale;Buona;Ore Diurne;1;0;0;3;12,5492;41,9089;-1;2;Autovettura privata;In marcia / fermata / arresto;Passeggero;F;Illeso;0;;Non accertato;Inesploso
3531444;18;30/10/2017 16:00;Statale entro l'abitato;VIA AURELIA;in corrispondenza;;del civico n.;365;;Scontro laterale fra veicoli in marcia;Rettilineo;Una carreggiata a doppio senso;Asciutto;Asfaltata;Verticale ed orizzontale;Sereno;Normale;Buona;Ore Diurne;1;0;0;2;12,43327;41,89741;-1;1;Autovettura privata;In marcia / fermata / arresto;Conducente;F;Illeso;0;;Non accertato;Inesploso
3531444;18;30/10/2017 16:00;Statale entro l'abitato;VIA AURELIA;in corrispondenza;;del civico n.;365;;Scontro laterale fra veicoli in marcia;Rettilineo;Una carreggiata a doppio senso;Asciutto;Asfaltata;Verticale ed orizzontale;Sereno;Normale;Buona;Ore Diurne;1;0;0;2;12,43327;41,89741;-1;1;Autovettura privata;In marcia / fermata / arresto;Passeggero;F;Illeso;0;;Non accertato;Inesploso
3531444;18;30/10/2017 16:00;Statale entro l'abitato;VIA AURELIA;in corrispondenza;;del civico n.;365;;Scontro laterale fra veicoli in marcia;Rettilineo;Una carreggiata a doppio senso;Asciutto;Asfaltata;Verticale ed orizzontale;Sereno;Normale;Buona;Ore Diurne;1;0;0;2;12,43327;41,89741;-1;2;Motociclo a solo;In marcia / fermata / arresto;Conducente;M;Rimandato;0;NON DECEDUTO;Non accertato;
3531448;20;30/10/2017 19:10;Strada Urbana;PIAZZALE DI PONTE MILVIO;in corrispondenza;;del civico n.;38;;Scontro laterale fra veicoli in marcia;Rettilineo;Una carreggiata a senso unico di marcia;Asciutto;Asfaltata;Verticale ed orizzontale;Sereno;Normale;Buona;Sufficiente;0;0;0;2;12,46636;41,9373;-1;1;Quadriciclo leggero;In marcia / fermata / arresto;Conducente;M;Illeso;0;;;
3531448;20;30/10/2017 19:10;Strada Urbana;PIAZZALE DI PONTE MILVIO;in corrispondenza;;del civico n.;38;;Scontro laterale fra veicoli in marcia;Rettilineo;Una carreggiata a senso unico di marcia;Asciutto;Asfaltata;Verticale ed orizzontale;Sereno;Normale;Buona;Sufficiente;0;0;0;2;12,46636;41,9373;-1;2;Autovettura privata;In marcia / fermata / arresto;Conducente;M;Illeso;0;;;
3531459;11;30/10/2017 09:15;Strada Urbana;VIALE GUGLIELMO MARCONI;in corrispondenza;;del civico n.;644;;Scontro laterale fra veicoli in marcia;Rettilineo;Due carreggiate;Asciutto;Asfaltata;Verticale ed orizzontale;Nuvoloso;Normale;Buona;Ore Diurne;0;0;0;3;12,47385;41,85075;-1;1;Autovettura privata;In marcia / fermata / arresto;Conducente;F;Illeso;0;;Non accertato;
3531459;11;30/10/2017 09:15;Strada Urbana;VIALE GUGLIELMO MARCONI;in corrispondenza;;del civico n.;644;;Scontro laterale fra veicoli in marcia;Rettilineo;Due carreggiate;Asciutto;Asfaltata;Verticale ed orizzontale;Nuvoloso;Normale;Buona;Ore Diurne;0;0;0;3;12,47385;41,85075;-1;2;Autocarro inferiore 35 q.;In marcia / fermata / arresto;Conducente;M;Illeso;0;;Non accertato;
3531459;11;30/10/2017 09:15;Strada Urbana;VIALE GUGLIELMO MARCONI;in corrispondenza;;del civico n.;644;;Scontro laterale fra veicoli in marcia;Rettilineo;Due carreggiate;Asciutto;Asfaltata;Verticale ed orizzontale;Nuvoloso;Normale;Buona;Ore Diurne;0;0;0;3;12,47385;41,85075;-1;2;Autocarro inferiore 35 q.;In marcia / fermata / arresto;Passeggero;M;Illeso;0;;Non accertato;
3531469;13;30/10/2017 10:40;Strada Urbana;VIA CRISTOFORO COLOMBO;all'intersezione con;VIA PINDARO;VIA PINDARO;;;Scontro frontale fra veicoli in marcia;Intersezione semaforizzata;Più di due carreggiate;Asciutto;Asfaltata;Verticale ed orizzontale;Sereno;Normale;Buona;Ore Diurne;0;0;0;2;12,49637;41,87316;-1;1;Autovettura privata;In marcia / fermata / arresto;Conducente;M;Illeso;0;;Non accertato;Inesploso